variant,feature,impurity_importance
current_249,inheritance_shared_hash_05,0.012109163425307028
current_249,onset_overlap_coefficient,0.011529198215578775
current_249,onset_similarity,0.009444305339882286
current_249,genes_similarity,0.00923545291228331
current_249,onset_shared_hash_01,0.008916798635142668
current_249,classifications_shared_hash_00,0.008898984546259031
current_249,phenotypes_similarity,0.008474182852522553
current_249,inheritance_shared_hash_01,0.008205700682831087
current_249,phenotypes_different_hash_08,0.008167443821097424
current_249,body_systems_different_hash_02,0.008037938897037923
current_249,classifications_different_hash_02,0.008020341227854198
current_249,phenotypes_different_hash_16,0.007959433964060111
current_249,body_systems_shared_hash_13,0.00790779932259336
current_249,classifications_different_hash_06,0.00755820305949444
current_249,phenotypes_overlap_coefficient,0.007501886581079206
current_249,inheritance_overlap_coefficient,0.007402880797491195
current_249,genes_overlap_coefficient,0.007369683005179497
current_249,phenotypes_different_hash_23,0.007086075234065623
current_249,phenotypes_different_hash_01,0.007081295966968079
current_249,body_systems_shared_hash_09,0.007052166508901356
current_249,genes_different_hash_20,0.007011928439263807
current_249,body_systems_size_balance,0.006951497118581051
current_249,phenotypes_size_balance,0.006736155477582955
current_249,body_systems_different_hash_04,0.006672494621328661
current_249,genes_size_balance,0.00661595013656794
current_249,classifications_shared_hash_18,0.006612133966338732
current_249,inheritance_similarity,0.006599860038227094
current_249,phenotypes_shared_hash_07,0.006586890545919139
current_249,genes_different_hash_02,0.0064879894494268555
current_249,classifications_different_hash_10,0.006480543828138794
current_249,phenotypes_different_hash_03,0.006471532796926681
current_249,body_systems_overlap_coefficient,0.006432396654761307
current_249,classifications_different_hash_05,0.006430672510605271
current_249,phenotypes_different_hash_05,0.006402537278540946
current_249,inheritance_different_hash_00,0.006383346142739682
current_249,phenotypes_different_hash_14,0.00637081133217892
current_249,genes_different_hash_17,0.006358432439591821
current_249,phenotypes_different_hash_21,0.006315428372494994
current_249,phenotypes_different_hash_18,0.00631487320223713
current_249,classifications_different_hash_01,0.006306800683410801
current_249,classifications_overlap_coefficient,0.00628775735279458
current_249,phenotypes_different_hash_13,0.0062866219553107845
current_249,classifications_different_hash_07,0.006278350951277242
current_249,phenotypes_different_hash_09,0.006243409324009916
current_249,onset_different_hash_01,0.006199355927896893
current_249,body_systems_different_hash_00,0.006194833683662021
current_249,genes_different_hash_10,0.006156215363583788
current_249,body_systems_similarity,0.006075594035348701
current_249,classifications_different_hash_11,0.006070616172994275
current_249,phenotypes_different_hash_02,0.0060449416118758415
current_249,classifications_size_balance,0.006027311699786931
current_249,onset_different_hash_03,0.0059609415905276
current_249,classifications_different_hash_00,0.005914877669167535
current_249,phenotypes_different_hash_12,0.005909194845213173
current_249,inheritance_size_balance,0.005889641559391032
current_249,phenotypes_different_hash_22,0.005872977038848291
current_249,phenotypes_shared_hash_15,0.005870639643728348
current_249,phenotypes_different_hash_10,0.005864053852971832
current_249,genes_different_hash_14,0.005846397765076465
current_249,genes_different_hash_18,0.005845518517935101
current_249,body_systems_different_hash_06,0.005818927858605371
current_249,body_systems_different_hash_03,0.00580407776007287
current_249,classifications_different_hash_04,0.005786674563593208
current_249,genes_different_hash_08,0.005765389117262976
current_249,body_systems_shared_hash_00,0.005762403695607151
current_249,body_systems_shared_hash_03,0.005742249428448604
current_249,genes_different_hash_23,0.005738757392962224
current_249,classifications_different_hash_08,0.005726578360508883
current_249,phenotypes_different_hash_04,0.005717137640451997
current_249,phenotypes_different_hash_17,0.005702348837829019
current_249,onset_different_hash_02,0.005655941700664289
current_249,body_systems_different_hash_07,0.0056066051892421235
current_249,phenotypes_different_hash_11,0.0055552873639765354
current_249,genes_different_hash_16,0.0055402108175509725
current_249,body_systems_different_hash_01,0.005488805166356054
current_249,genes_different_hash_11,0.005481240363499129
current_249,phenotypes_different_hash_06,0.005463571568795094
current_249,genes_different_hash_01,0.005389499524340864
current_249,body_systems_different_hash_05,0.005387198755346076
current_249,genes_shared_hash_30,0.005344264480955259
current_249,phenotypes_different_hash_19,0.005343078428218861
current_249,onset_shared_hash_07,0.00533397953718755
current_249,classifications_similarity,0.005306736953737789
current_249,body_systems_shared_hash_14,0.005298808176078309
current_249,genes_different_hash_22,0.005287980477582663
current_249,onset_different_hash_00,0.005255062784885944
current_249,phenotypes_different_hash_00,0.0052520569828719684
current_249,classifications_different_hash_09,0.005236932547456865
current_249,genes_different_hash_15,0.005233224074850306
current_249,onset_size_balance,0.005222818689780002
current_249,phenotypes_different_hash_07,0.005222043974735579
current_249,phenotypes_different_hash_20,0.005218029273933761
current_249,genes_different_hash_09,0.005190297008767466
current_249,classifications_shared_hash_22,0.005190283235226889
current_249,phenotypes_shared_hash_29,0.005186405625567144
current_249,classifications_different_hash_03,0.0051684225002276585
current_249,genes_different_hash_04,0.005106118141783677
current_249,prevalence_available,0.005102255938747382
current_249,genes_different_hash_00,0.0050972008263593825
current_249,genes_different_hash_06,0.0050516334831828425
current_249,inheritance_different_hash_03,0.005021239088223438
current_249,genes_different_hash_21,0.005018218832774032
current_249,genes_different_hash_07,0.00501200124461222
current_249,phenotypes_shared_hash_25,0.004978858890700575
current_249,prevalence_similarity,0.004951213588643495
current_249,classifications_shared_hash_11,0.004938554059811412
current_249,genes_different_hash_12,0.004745774193223537
current_249,genes_different_hash_03,0.00472078953230611
current_249,genes_different_hash_05,0.004683196255942051
current_249,genes_different_hash_13,0.004649482449869752
current_249,phenotypes_different_hash_15,0.004582256490706951
current_249,classifications_available,0.004545699349775734
current_249,genes_available,0.004470543440074521
current_249,prevalence_log10_difference,0.004426798628704474
current_249,phenotypes_shared_hash_14,0.004420634944534899
current_249,genes_different_hash_19,0.004406892896116392
current_249,phenotypes_shared_hash_04,0.004369372018848149
current_249,phenotypes_shared_hash_22,0.004337272582961377
current_249,phenotypes_shared_hash_12,0.004268748835628306
current_249,genes_shared_hash_12,0.004222303680561433
current_249,approved_drugs_different_hash_01,0.004220844692586399
current_249,inheritance_shared_hash_03,0.004219968390959445
current_249,body_systems_shared_hash_01,0.004219356969678617
current_249,approved_drugs_different_hash_00,0.0042119023234456245
current_249,phenotypes_shared_hash_30,0.004189889532461983
current_249,classifications_shared_hash_03,0.0041859550892299376
current_249,inheritance_available,0.004094439712144144
current_249,phenotypes_available,0.00404616637734106
current_249,phenotypes_shared_hash_06,0.003959876353951552
current_249,approved_drugs_available,0.003930930337499169
current_249,phenotypes_shared_hash_21,0.0039002572476808796
current_249,classifications_shared_hash_14,0.0038637739854874165
current_249,phenotypes_shared_hash_09,0.0038377321810993893
current_249,prevalence_region_match,0.0038320273355227606
current_249,phenotypes_shared_hash_19,0.0037536137610073355
current_249,classifications_shared_hash_20,0.0036619872766600696
current_249,classifications_shared_hash_01,0.0036482018376365346
current_249,approved_drugs_different_hash_03,0.003602548336974597
current_249,classifications_shared_hash_09,0.003542142667590449
current_249,phenotypes_shared_hash_17,0.0035325843473136744
current_249,genes_shared_hash_06,0.0035132890240458688
current_249,phenotypes_shared_hash_02,0.0034999993412042556
current_249,onset_available,0.0034969264740830498
current_249,classifications_shared_hash_17,0.003489013879660895
current_249,phenotypes_shared_hash_11,0.003397815386450877
current_249,inheritance_shared_hash_04,0.0033831659813698058
current_249,phenotypes_shared_hash_13,0.0033772938295030747
current_249,phenotypes_shared_hash_26,0.0033736304705784836
current_249,approved_drugs_different_hash_02,0.003366639191044579
current_249,classifications_shared_hash_04,0.0033594173590711257
current_249,body_systems_shared_hash_02,0.003357033310876953
current_249,phenotypes_shared_hash_31,0.003343331841263076
current_249,classifications_shared_hash_07,0.0033047357850707155
current_249,classifications_shared_hash_02,0.003292176083519424
current_249,body_systems_shared_hash_11,0.0032625323604865493
current_249,phenotypes_shared_hash_23,0.0032570507726672904
current_249,phenotypes_shared_hash_00,0.003194804627111571
current_249,classifications_shared_hash_10,0.0031913613103103132
current_249,phenotypes_shared_hash_27,0.0031221411581296237
current_249,classifications_shared_hash_06,0.0031051282912294676
current_249,phenotypes_shared_hash_01,0.003084516847589359
current_249,inheritance_shared_hash_07,0.0030556205402718765
current_249,classifications_shared_hash_15,0.0030553676867169227
current_249,classifications_shared_hash_05,0.002964050376077984
current_249,prevalence_class_match,0.002937569349546225
current_249,phenotypes_shared_hash_05,0.002929619229440402
current_249,genes_shared_hash_22,0.002898767987373542
current_249,classifications_shared_hash_19,0.0027773882157259757
current_249,phenotypes_shared_hash_08,0.0027358365003972824
current_249,phenotypes_shared_hash_10,0.002683251315063242
current_249,classifications_shared_hash_21,0.002542659015906563
current_249,onset_shared_hash_04,0.002540575661377248
current_249,phenotypes_shared_hash_24,0.002487292730938899
current_249,phenotypes_shared_hash_03,0.002480650231033556
current_249,onset_shared_hash_03,0.0024762120235117314
current_249,genes_shared_hash_19,0.002436964352020742
current_249,approved_drugs_size_balance,0.002334195752291116
current_249,genes_shared_hash_09,0.002320720173150216
current_249,genes_shared_hash_15,0.0022856389155830317
current_249,classifications_shared_hash_12,0.002285214907752892
current_249,phenotypes_shared_hash_18,0.002262208371705178
current_249,genes_shared_hash_11,0.0022593364647963948
current_249,body_systems_shared_hash_05,0.0022478572126006353
current_249,phenotypes_shared_hash_16,0.0022280744737291653
current_249,classifications_shared_hash_13,0.0021835817170083273
current_249,body_systems_shared_hash_15,0.0021733800904825975
current_249,genes_shared_hash_26,0.0021431997447373856
current_249,onset_shared_hash_00,0.0020996051497072492
current_249,phenotypes_shared_hash_20,0.002049089057719655
current_249,inheritance_different_hash_02,0.0019999659923721942
current_249,genes_shared_hash_07,0.0018892868819500648
current_249,body_systems_shared_hash_06,0.0018862257688288795
current_249,genes_shared_hash_18,0.0018227322766331188
current_249,inheritance_shared_hash_02,0.0017876544991945894
current_249,body_systems_shared_hash_12,0.001759203195201272
current_249,genes_shared_hash_24,0.0017350695247644239
current_249,body_systems_available,0.001712600866844994
current_249,genes_shared_hash_05,0.0016958358728578955
current_249,genes_shared_hash_23,0.0016488878254802572
current_249,genes_shared_hash_16,0.0016306123345141534
current_249,genes_shared_hash_21,0.001621196408371224
current_249,genes_shared_hash_14,0.0016064500021295898
current_249,genes_shared_hash_04,0.001603800614466612
current_249,genes_shared_hash_28,0.001516883954940541
current_249,approved_drugs_shared_hash_14,0.0014931665913653935
current_249,genes_shared_hash_00,0.0014716355685827198
current_249,genes_shared_hash_31,0.001451206972813722
current_249,phenotypes_shared_hash_28,0.0013877851931650067
current_249,genes_shared_hash_20,0.0013830336060418496
current_249,genes_shared_hash_08,0.001290651445749437
current_249,genes_shared_hash_02,0.0012890890680177334
current_249,classifications_shared_hash_23,0.0012769106280224015
current_249,genes_shared_hash_27,0.0012525163834351102
current_249,classifications_shared_hash_16,0.0012219990590424778
current_249,classifications_shared_hash_08,0.0012174579291037676
current_249,genes_shared_hash_29,0.0012163268485606597
current_249,genes_shared_hash_03,0.0011576198442113017
current_249,body_systems_shared_hash_07,0.001091719564548836
current_249,genes_shared_hash_17,0.0010602233433523488
current_249,body_systems_shared_hash_10,0.0010331315600528557
current_249,genes_shared_hash_01,0.00096991828432208
current_249,genes_shared_hash_25,0.0009480676854036532
current_249,genes_shared_hash_13,0.000914756809240334
current_249,approved_drugs_overlap_coefficient,0.000864922638852706
current_249,genes_shared_hash_10,0.0007968348613782863
current_249,body_systems_shared_hash_08,0.0006504298136990065
current_249,approved_drugs_shared_hash_05,0.0006453414637700825
current_249,onset_shared_hash_05,0.00042496509520783204
current_249,approved_drugs_similarity,0.00032452239195390406
current_249,approved_drugs_shared_hash_01,0.0001407055576191801
current_249,inheritance_shared_hash_00,4.969108214965333e-05
current_249,approved_drugs_shared_hash_02,3.857562657348033e-05
current_249,approved_drugs_shared_hash_13,2.9409893849219995e-05
current_249,body_systems_shared_hash_04,0.0
current_249,inheritance_shared_hash_06,0.0
current_249,inheritance_different_hash_01,0.0
current_249,onset_shared_hash_02,0.0
current_249,onset_shared_hash_06,0.0
current_249,approved_drugs_shared_hash_00,0.0
current_249,approved_drugs_shared_hash_03,0.0
current_249,approved_drugs_shared_hash_04,0.0
current_249,approved_drugs_shared_hash_06,0.0
current_249,approved_drugs_shared_hash_07,0.0
current_249,approved_drugs_shared_hash_08,0.0
current_249,approved_drugs_shared_hash_09,0.0
current_249,approved_drugs_shared_hash_10,0.0
current_249,approved_drugs_shared_hash_11,0.0
current_249,approved_drugs_shared_hash_12,0.0
current_249,approved_drugs_shared_hash_15,0.0
improved_structured,categories_log1p_union,0.01911627842946053
improved_structured,onset_jaccard,0.016990499564300262
improved_structured,onset_overlap_coefficient,0.01698398822637822
improved_structured,phenotypes_exact_log1p_shared,0.01697424281659653
improved_structured,body_systems_log1p_union,0.016766623927842728
improved_structured,onset_log1p_shared,0.01564907547499613
improved_structured,prevalence_region_match,0.015596227730175329
improved_structured,ontology_parents_log1p_union,0.015305987280934581
improved_structured,phenotypes_ic_cosine,0.01482967337801555
improved_structured,body_systems_overlap_coefficient,0.014760866782194617
improved_structured,body_systems_jaccard,0.014729228559369758
improved_structured,body_systems_log1p_shared,0.014728452853830596
improved_structured,disorder_type_match,0.01446960483691721
improved_structured,body_systems_size_balance,0.014378023440728596
improved_structured,phenotypes_exact_log1p_union,0.014312146664873793
improved_structured,genes_curated_union_size_balance,0.01423532369541837
improved_structured,phenotypes_exact_size_balance,0.014185273649673568
improved_structured,phenotypes_exact_jaccard,0.014138191303523237
improved_structured,onset_size_balance,0.014011510294710811
improved_structured,prevalence_both_available,0.013773234928215687
improved_structured,phenotypes_ancestors_log1p_union,0.01377067007346114
improved_structured,ontology_parents_size_balance,0.013722664047780131
improved_structured,phenotypes_ic_weighted_jaccard,0.013600513483693635
improved_structured,phenotypes_ancestors_size_balance,0.013415370793669022
improved_structured,phenotypes_ancestors_log1p_shared,0.013356214701597662
improved_structured,categories_log1p_shared,0.013246268702539452
improved_structured,inheritance_size_balance,0.013161413323079876
improved_structured,inheritance_jaccard,0.013148143129281612
improved_structured,genes_trusted_size_balance,0.01314382480529426
improved_structured,phenotypes_ancestors_overlap_coefficient,0.01311398925571098
improved_structured,all_drugs_log1p_union,0.013104056241679728
improved_structured,ontology_parents_jaccard,0.01307000119680023
improved_structured,treatment_types_log1p_union,0.01296413461130328
improved_structured,ontology_parents_overlap_coefficient,0.01295575436874556
improved_structured,phenotypes_exact_overlap_coefficient,0.01289536449048335
improved_structured,prevalence_similarity,0.012807283934373867
improved_structured,genes_curated_union_log1p_union,0.012779655514338559
improved_structured,categories_size_balance,0.012769679711796383
improved_structured,inheritance_overlap_coefficient,0.01259641965018295
improved_structured,categories_overlap_coefficient,0.012436120899644404
improved_structured,genes_high_confidence_ot_size_balance,0.012364556956568327
improved_structured,treatment_types_size_balance,0.012069109685608632
improved_structured,ontology_parents_log1p_shared,0.012048592915987553
improved_structured,inheritance_log1p_shared,0.011873174736150769
improved_structured,onset_log1p_union,0.011825350417445481
improved_structured,phenotypes_ancestors_jaccard,0.01174838849945775
improved_structured,disorder_group_match,0.011369352584282712
improved_structured,all_drugs_size_balance,0.011346490444503452
improved_structured,genes_high_confidence_ot_log1p_union,0.011342057247021411
improved_structured,genes_trusted_log1p_union,0.011193298220649463
improved_structured,genes_trusted_overlap_coefficient,0.011164060612631825
improved_structured,all_drugs_log1p_shared,0.011009171742354109
improved_structured,treatment_types_log1p_shared,0.010945617098406593
improved_structured,inheritance_log1p_union,0.010930521467218566
improved_structured,treatment_types_overlap_coefficient,0.010881164432100441
improved_structured,categories_jaccard,0.010682563142529687
improved_structured,treatment_types_jaccard,0.010595252934233666
improved_structured,genes_curated_union_jaccard,0.01041646388583129
improved_structured,preferential_parents_log1p_union,0.010385282490971554
improved_structured,genes_high_confidence_ot_jaccard,0.010294891161871102
improved_structured,all_drugs_overlap_coefficient,0.010064322926590768
improved_structured,genes_trusted_both_available,0.009988444364214734
improved_structured,prevalence_log10_difference,0.009644171896699706
improved_structured,treatment_types_both_available,0.00916838947270352
improved_structured,prevalence_class_match,0.00909758040882479
improved_structured,genes_curated_union_log1p_shared,0.008939589561377725
improved_structured,genes_curated_union_overlap_coefficient,0.008579100469121508
improved_structured,all_drugs_both_available,0.008507241231808174
improved_structured,preferential_parents_overlap_coefficient,0.008181642142981099
improved_structured,preferential_parents_jaccard,0.008067089030419628
improved_structured,genes_high_confidence_ot_overlap_coefficient,0.007860189332622782
improved_structured,genes_high_confidence_ot_both_available,0.007758377888928807
improved_structured,genes_trusted_log1p_shared,0.0075394496768990136
improved_structured,approved_drugs_both_available,0.007471594762745144
improved_structured,preferential_parents_log1p_shared,0.007120937133319689
improved_structured,approved_drugs_log1p_union,0.0069660582896818365
improved_structured,approved_drugs_size_balance,0.006876431410119582
improved_structured,all_drugs_jaccard,0.006769167735344569
improved_structured,genes_high_confidence_ot_log1p_shared,0.006686709365178912
improved_structured,genes_curated_union_both_available,0.0066463306568828005
improved_structured,genes_trusted_jaccard,0.0057629176004142905
improved_structured,onset_both_available,0.0053258327641932165
improved_structured,inheritance_both_available,0.00527825651178561
improved_structured,preferential_parents_both_available,0.004955656712650733
improved_structured,preferential_parents_size_balance,0.004679922477197689
improved_structured,ontology_parents_both_available,0.0042303982717148605
improved_structured,categories_both_available,0.0038836735326384735
improved_structured,phenotypes_exact_both_available,0.0031484662635696005
improved_structured,phenotypes_ancestors_both_available,0.002873552403605725
improved_structured,approved_drugs_log1p_shared,0.002245870326793464
improved_structured,approved_drugs_overlap_coefficient,0.0017047320366909296
improved_structured,body_systems_both_available,0.0007782199996087278
improved_structured,approved_drugs_jaccard,0.0007223258932353862
improved_full,categories_log1p_union,0.018072780317665557
improved_full,onset_overlap_coefficient,0.017564462548557015
improved_full,phenotypes_exact_log1p_shared,0.01735850011346388
improved_full,body_systems_log1p_union,0.016756299385669315
improved_full,onset_log1p_shared,0.015581863254985992
improved_full,onset_jaccard,0.015507061661114027
improved_full,disorder_type_match,0.015072015110963953
improved_full,ontology_parents_log1p_union,0.0147097712317915
improved_full,phenotypes_exact_log1p_union,0.014647041143476515
improved_full,body_systems_size_balance,0.01462585970641216
improved_full,body_systems_overlap_coefficient,0.01446892443818453
improved_full,phenotypes_exact_jaccard,0.014440934960762826
improved_full,genes_curated_union_size_balance,0.014168351590005318
improved_full,onset_size_balance,0.014117938267955913
improved_full,prevalence_region_match,0.014113038316198466
improved_full,phenotypes_ancestors_size_balance,0.013998528776087867
improved_full,phenotypes_ancestors_log1p_union,0.013914110099251104
improved_full,phenotypes_ic_cosine,0.01390972956942102
improved_full,body_systems_log1p_shared,0.013785083269709661
improved_full,body_systems_jaccard,0.013455748341580243
improved_full,prevalence_both_available,0.013454608547362377
improved_full,categories_size_balance,0.013381032889616104
improved_full,ontology_parents_size_balance,0.01333349771490854
improved_full,phenotypes_ancestors_log1p_shared,0.013306226962213324
improved_full,phenotypes_exact_overlap_coefficient,0.013156237758095247
improved_full,inheritance_overlap_coefficient,0.012942907395051998
improved_full,categories_log1p_shared,0.012936322602447542
improved_full,ontology_parents_overlap_coefficient,0.01279555479439472
improved_full,onset_log1p_union,0.012700464434938073
improved_full,phenotypes_ic_weighted_jaccard,0.012583369379665693
improved_full,inheritance_jaccard,0.012540183885665156
improved_full,ontology_parents_log1p_shared,0.012476764327636183
improved_full,inheritance_size_balance,0.012371047075807285
improved_full,prevalence_similarity,0.012339066396417216
improved_full,genes_high_confidence_ot_size_balance,0.012328588160122582
improved_full,inheritance_log1p_shared,0.012320273379470233
improved_full,categories_jaccard,0.012254390281288571
improved_full,categories_overlap_coefficient,0.012208443123212306
improved_full,all_drugs_log1p_union,0.012154456654301857
improved_full,phenotypes_ancestors_overlap_coefficient,0.012141177944129063
improved_full,treatment_types_size_balance,0.012070479134013493
improved_full,phenotypes_ancestors_jaccard,0.012036171357086725
improved_full,treatment_types_log1p_shared,0.012002606652013323
improved_full,genes_curated_union_log1p_union,0.01192859792675974
improved_full,treatment_types_log1p_union,0.011883628264666612
improved_full,genes_trusted_size_balance,0.011841695272188318
improved_full,phenotypes_exact_size_balance,0.01175875951176522
improved_full,ontology_parents_jaccard,0.011744012120343622
improved_full,all_drugs_log1p_shared,0.01162103444798897
improved_full,inheritance_log1p_union,0.011421901400923053
improved_full,disorder_group_match,0.011328945778916367
improved_full,genes_high_confidence_ot_log1p_union,0.011290175730803454
improved_full,treatment_types_jaccard,0.011032905625843269
improved_full,all_drugs_size_balance,0.010857787035170357
improved_full,genes_trusted_log1p_union,0.010557895010808995
improved_full,treatment_types_overlap_coefficient,0.010418158174410224
improved_full,genes_high_confidence_ot_jaccard,0.010226816322472018
improved_full,genes_trusted_overlap_coefficient,0.009993749012453042
improved_full,prevalence_log10_difference,0.009933424518525838
improved_full,description_tfidf_cosine,0.009818841619225504
improved_full,preferential_parents_log1p_union,0.009759765428091705
improved_full,all_drugs_overlap_coefficient,0.00947845362907849
improved_full,treatment_types_both_available,0.009440328930733991
improved_full,genes_high_confidence_ot_overlap_coefficient,0.009232198163072051
improved_full,genes_curated_union_jaccard,0.009216713202970175
improved_full,all_drugs_both_available,0.009153159860591634
improved_full,prevalence_class_match,0.008924599398094153
improved_full,genes_curated_union_log1p_shared,0.008852121487347552
improved_full,genes_trusted_both_available,0.008656274906211332
improved_full,genes_curated_union_overlap_coefficient,0.00847152731902846
improved_full,preferential_parents_jaccard,0.008300697220433962
improved_full,preferential_parents_log1p_shared,0.007999311166411683
improved_full,all_drugs_jaccard,0.007631051532809767
improved_full,approved_drugs_both_available,0.00760074222099467
improved_full,preferential_parents_overlap_coefficient,0.007264814376979371
improved_full,genes_trusted_log1p_shared,0.007239592201364941
improved_full,genes_high_confidence_ot_both_available,0.007089014898569324
improved_full,genes_high_confidence_ot_log1p_shared,0.0068957787894807585
improved_full,genes_trusted_jaccard,0.006853399375681725
improved_full,genes_curated_union_both_available,0.006832393112169535
improved_full,description_both_available,0.006703671617305891
improved_full,approved_drugs_size_balance,0.0066125500107251664
improved_full,approved_drugs_log1p_union,0.005963125997462565
improved_full,inheritance_both_available,0.005057289534573997
improved_full,preferential_parents_both_available,0.004789443612138915
improved_full,onset_both_available,0.004698855301137754
improved_full,preferential_parents_size_balance,0.004566598625911927
improved_full,categories_both_available,0.0039504715395149255
improved_full,ontology_parents_both_available,0.0034555685762758313
improved_full,phenotypes_ancestors_both_available,0.003434226437887531
improved_full,phenotypes_exact_both_available,0.003165063569373268
improved_full,approved_drugs_log1p_shared,0.0020019515397780067
improved_full,approved_drugs_overlap_coefficient,0.0015724969497336997
improved_full,approved_drugs_jaccard,0.0007161194220478895
improved_full,body_systems_both_available,0.0006603893196380335
combined_full,inheritance_shared_hash_05,0.006663764863438131
combined_full,classifications_shared_hash_00,0.0062556911025292835
combined_full,onset_overlap_coefficient,0.0061597264622274195
combined_full,onset_overlap_coefficient,0.006030519315444023
combined_full,phenotypes_different_hash_08,0.006011466519948846
combined_full,categories_log1p_union,0.005943357730931441
combined_full,genes_high_confidence_ot_jaccard,0.005707152429223304
combined_full,body_systems_different_hash_02,0.0056603387283214335
combined_full,inheritance_shared_hash_01,0.00552352187419009
combined_full,genes_curated_union_jaccard,0.005434080401913633
combined_full,onset_jaccard,0.00542646798120654
combined_full,ontology_parents_log1p_union,0.0053313309624342135
combined_full,onset_shared_hash_01,0.005282569350235262
combined_full,phenotypes_different_hash_14,0.00526504934020682
combined_full,classifications_different_hash_02,0.005258397642549836
combined_full,phenotypes_exact_log1p_shared,0.005231106491588183
combined_full,classifications_different_hash_06,0.005228305651200127
combined_full,phenotypes_different_hash_23,0.0051957264708879765
combined_full,genes_trusted_overlap_coefficient,0.005180434099931675
combined_full,treatment_types_log1p_union,0.005163585172801922
combined_full,body_systems_different_hash_04,0.005153098042516552
combined_full,onset_log1p_shared,0.005143000451031834
combined_full,classifications_different_hash_05,0.005008785772027173
combined_full,phenotypes_different_hash_03,0.005008211295807685
combined_full,inheritance_different_hash_00,0.004969447148093364
combined_full,phenotypes_ic_weighted_jaccard,0.004965474311024236
combined_full,phenotypes_similarity,0.004957062114070458
combined_full,phenotypes_different_hash_16,0.004917270122151944
combined_full,genes_different_hash_17,0.004896814643132317
combined_full,classifications_different_hash_11,0.004865013687529716
combined_full,treatment_types_overlap_coefficient,0.004864363922761133
combined_full,onset_similarity,0.004851189884840405
combined_full,phenotypes_different_hash_09,0.00485066481204844
combined_full,all_drugs_both_available,0.004834882048822313
combined_full,body_systems_shared_hash_09,0.004820171299662849
combined_full,phenotypes_different_hash_05,0.004804639994175809
combined_full,body_systems_shared_hash_13,0.004803032851297568
combined_full,phenotypes_ancestors_size_balance,0.004787949436169163
combined_full,genes_different_hash_02,0.00478250469105505
combined_full,treatment_types_both_available,0.0047708330133510776
combined_full,phenotypes_different_hash_01,0.004727597535973176
combined_full,genes_curated_union_size_balance,0.0047247311985565785
combined_full,classifications_different_hash_00,0.004721261815097555
combined_full,phenotypes_different_hash_10,0.004699173811657744
combined_full,disorder_type_match,0.004623796290053816
combined_full,onset_different_hash_02,0.0045966611689814045
combined_full,treatment_types_log1p_shared,0.004585836665736719
combined_full,prevalence_region_match,0.004579686607927742
combined_full,phenotypes_exact_jaccard,0.00456343960123433
combined_full,genes_overlap_coefficient,0.004552690556368777
combined_full,phenotypes_ic_cosine,0.004532799563917819
combined_full,phenotypes_exact_overlap_coefficient,0.0045134608502069625
combined_full,body_systems_different_hash_06,0.004478131520733484
combined_full,onset_different_hash_01,0.004474808865047442
combined_full,body_systems_log1p_union,0.004419649419377403
combined_full,genes_curated_union_log1p_union,0.004419037410874027
combined_full,phenotypes_shared_hash_07,0.004407510183261177
combined_full,phenotypes_different_hash_22,0.004365420630727897
combined_full,body_systems_size_balance,0.004350831629863026
combined_full,body_systems_different_hash_07,0.0043487375450746504
combined_full,genes_different_hash_20,0.004343861332206525
combined_full,onset_different_hash_03,0.004275369156327241
combined_full,phenotypes_ancestors_log1p_shared,0.004270207786612083
combined_full,genes_different_hash_10,0.004249113847645395
combined_full,inheritance_overlap_coefficient,0.0042320384644342355
combined_full,genes_different_hash_23,0.004222688482366706
combined_full,categories_size_balance,0.00420555362441088
combined_full,genes_similarity,0.004204071224081144
combined_full,classifications_size_balance,0.004194662380489742
combined_full,body_systems_different_hash_00,0.004183239324048607
combined_full,classifications_different_hash_01,0.004169833999751499
combined_full,inheritance_overlap_coefficient,0.004169034457773979
combined_full,classifications_different_hash_10,0.004160683161104052
combined_full,treatment_types_size_balance,0.004136759220405422
combined_full,phenotypes_different_hash_17,0.004134044094573046
combined_full,classifications_different_hash_07,0.004130251945279224
combined_full,body_systems_shared_hash_03,0.0041103939750166555
combined_full,genes_different_hash_04,0.004103830616550612
combined_full,classifications_different_hash_04,0.004087514487313356
combined_full,phenotypes_different_hash_21,0.004079504520026102
combined_full,classifications_shared_hash_18,0.004073137582482359
combined_full,categories_log1p_shared,0.004070260616340243
combined_full,body_systems_size_balance,0.0040659386413116555
combined_full,phenotypes_different_hash_18,0.004058673610412381
combined_full,body_systems_shared_hash_00,0.004057628353164242
combined_full,inheritance_similarity,0.004053863792510188
combined_full,genes_different_hash_00,0.004036743279639388
combined_full,phenotypes_different_hash_02,0.004036417529374583
combined_full,phenotypes_exact_size_balance,0.004031187925128371
combined_full,all_drugs_log1p_union,0.00402558534296141
combined_full,prevalence_available,0.004006593637776507
combined_full,phenotypes_size_balance,0.004003601162162661
combined_full,classifications_different_hash_09,0.0039979671664116855
combined_full,preferential_parents_log1p_union,0.003987245756274683
combined_full,body_systems_overlap_coefficient,0.00398394934895823
combined_full,genes_different_hash_13,0.003975507568136778
combined_full,genes_different_hash_15,0.00396917391266617
combined_full,phenotypes_different_hash_06,0.0039284267034249195
combined_full,body_systems_jaccard,0.003924551391318979
combined_full,phenotypes_overlap_coefficient,0.003917281299478464
combined_full,phenotypes_different_hash_12,0.003917119419506117
combined_full,onset_different_hash_00,0.003913850664615491
combined_full,onset_shared_hash_07,0.003875314163635294
combined_full,genes_different_hash_16,0.003865522559284061
combined_full,phenotypes_different_hash_00,0.0038514062073753902
combined_full,genes_high_confidence_ot_size_balance,0.003846777930765096
combined_full,phenotypes_different_hash_07,0.0038365161267510696
combined_full,genes_size_balance,0.003835681579176203
combined_full,body_systems_similarity,0.0037869692896341533
combined_full,phenotypes_different_hash_04,0.003773770135981553
combined_full,phenotypes_different_hash_13,0.003756109419700869
combined_full,phenotypes_exact_log1p_union,0.0037441912026668217
combined_full,genes_trusted_size_balance,0.0037293790419639233
combined_full,phenotypes_different_hash_19,0.003708663639129205
combined_full,genes_high_confidence_ot_log1p_union,0.0037079572192736093
combined_full,onset_size_balance,0.0037051657421874485
combined_full,inheritance_different_hash_03,0.0036884680474619895
combined_full,genes_different_hash_12,0.0036763330783694194
combined_full,phenotypes_shared_hash_14,0.003644464364552194
combined_full,ontology_parents_overlap_coefficient,0.0036264248054825843
combined_full,inheritance_size_balance,0.003620965841691291
combined_full,genes_curated_union_overlap_coefficient,0.0036193999429216593
combined_full,classifications_overlap_coefficient,0.0036117154937481623
combined_full,genes_different_hash_05,0.0036047287298975844
combined_full,genes_different_hash_08,0.0036022981436873514
combined_full,prevalence_similarity,0.003600705169680694
combined_full,body_systems_overlap_coefficient,0.003597765083725758
combined_full,phenotypes_ancestors_jaccard,0.003588666682612166
combined_full,body_systems_different_hash_03,0.0035836064721238787
combined_full,all_drugs_size_balance,0.003576195965272991
combined_full,genes_different_hash_18,0.003572992002824297
combined_full,phenotypes_different_hash_15,0.0035651497356236957
combined_full,treatment_types_jaccard,0.0035575605067342387
combined_full,genes_different_hash_09,0.0035494952980174264
combined_full,genes_different_hash_03,0.0035437175743630676
combined_full,genes_high_confidence_ot_overlap_coefficient,0.003529151489588646
combined_full,phenotypes_different_hash_11,0.0035251873818841323
combined_full,inheritance_size_balance,0.003520767008923768
combined_full,onset_log1p_union,0.0035118509246472736
combined_full,inheritance_log1p_shared,0.0035072672136159085
combined_full,body_systems_different_hash_05,0.00349868863116229
combined_full,classifications_different_hash_08,0.003494736774649694
combined_full,all_drugs_log1p_shared,0.003494681925581791
combined_full,phenotypes_shared_hash_29,0.0034890886423279057
combined_full,preferential_parents_overlap_coefficient,0.003482945098222352
combined_full,ontology_parents_log1p_shared,0.003481635001457196
combined_full,genes_different_hash_19,0.0034693384820783783
combined_full,body_systems_log1p_shared,0.003456366077807025
combined_full,prevalence_similarity,0.0034468255130501294
combined_full,disorder_group_match,0.003443277721472841
combined_full,genes_trusted_log1p_shared,0.0034405122253805963
combined_full,prevalence_both_available,0.003438376199837771
combined_full,phenotypes_shared_hash_25,0.003427975445881931
combined_full,categories_overlap_coefficient,0.0034181708081966523
combined_full,body_systems_different_hash_01,0.0034022623620696647
combined_full,genes_different_hash_11,0.003400365604523035
combined_full,genes_curated_union_log1p_shared,0.0033924878527228663
combined_full,ontology_parents_size_balance,0.0033818035479975662
combined_full,genes_different_hash_06,0.0033782879650592285
combined_full,genes_different_hash_07,0.0033765633011737556
combined_full,genes_different_hash_22,0.003376011913676569
combined_full,genes_different_hash_01,0.003363502596098217
combined_full,inheritance_jaccard,0.0033605488726052724
combined_full,phenotypes_different_hash_20,0.0033156948671963843
combined_full,phenotypes_ancestors_log1p_union,0.0033005875550355377
combined_full,ontology_parents_jaccard,0.0032950949115686584
combined_full,approved_drugs_different_hash_01,0.003294595920377301
combined_full,phenotypes_shared_hash_15,0.0032886048926372684
combined_full,onset_size_balance,0.0032421716024435138
combined_full,preferential_parents_log1p_shared,0.003236525309731135
combined_full,genes_trusted_log1p_union,0.003215127975978063
combined_full,classifications_different_hash_03,0.003214360891210165
combined_full,phenotypes_ancestors_overlap_coefficient,0.003196788426992473
combined_full,genes_different_hash_14,0.003194780589612666
combined_full,genes_trusted_both_available,0.003182136443534534
combined_full,preferential_parents_jaccard,0.003177475910056134
combined_full,classifications_similarity,0.0031751306465771377
combined_full,body_systems_shared_hash_14,0.0031611258398902653
combined_full,body_systems_shared_hash_01,0.0031589499308968655
combined_full,inheritance_log1p_union,0.0031257305505069323
combined_full,genes_high_confidence_ot_both_available,0.0031199606557181896
combined_full,classifications_shared_hash_01,0.003105347386988999
combined_full,prevalence_log10_difference,0.0030594891753492172
combined_full,classifications_shared_hash_03,0.00305692902585049
combined_full,phenotypes_shared_hash_12,0.003056913643072413
combined_full,approved_drugs_different_hash_02,0.003013430433106336
combined_full,phenotypes_shared_hash_22,0.002946737038366251
combined_full,classifications_shared_hash_22,0.0029460605673789857
combined_full,all_drugs_overlap_coefficient,0.00293409140861595
combined_full,genes_trusted_jaccard,0.002929526901417165
combined_full,classifications_shared_hash_10,0.0029208286045328217
combined_full,phenotypes_shared_hash_30,0.0028969545511016753
combined_full,genes_different_hash_21,0.002891428243039963
combined_full,genes_shared_hash_12,0.002850232381308272
combined_full,phenotypes_shared_hash_31,0.002807624446457621
combined_full,classifications_shared_hash_11,0.0027545589565070193
combined_full,genes_high_confidence_ot_log1p_shared,0.0027309267578114606
combined_full,description_tfidf_cosine,0.00270811108831839
combined_full,classifications_shared_hash_17,0.002702064653008889
combined_full,approved_drugs_different_hash_03,0.002697018512976091
combined_full,genes_shared_hash_30,0.0026897498333431167
combined_full,body_systems_shared_hash_02,0.002687949458142465
combined_full,approved_drugs_different_hash_00,0.0026850649393555903
combined_full,description_both_available,0.0026644099523997094
combined_full,phenotypes_shared_hash_06,0.002628499574577685
combined_full,phenotypes_shared_hash_17,0.0025728921081422575
combined_full,categories_jaccard,0.0025717331465733976
combined_full,classifications_shared_hash_14,0.002567231762792691
combined_full,classifications_shared_hash_20,0.002562907651653966
combined_full,prevalence_log10_difference,0.00255042347425036
combined_full,inheritance_shared_hash_03,0.0025427879202107127
combined_full,phenotypes_shared_hash_05,0.0025238750713514556
combined_full,prevalence_class_match,0.002511136403407446
combined_full,phenotypes_shared_hash_01,0.002477523488856017
combined_full,classifications_shared_hash_02,0.0024435420157518876
combined_full,prevalence_region_match,0.002403746538220143
combined_full,phenotypes_shared_hash_13,0.0023579475225140828
combined_full,phenotypes_shared_hash_27,0.002357523703524918
combined_full,classifications_shared_hash_09,0.0023434572763288354
combined_full,genes_shared_hash_06,0.0023113812466544624
combined_full,approved_drugs_available,0.0023009112925735575
combined_full,classifications_shared_hash_07,0.0022719150224836935
combined_full,classifications_shared_hash_04,0.0022276480403751633
combined_full,phenotypes_shared_hash_21,0.0022199559586445847
combined_full,phenotypes_shared_hash_02,0.002212303282113974
combined_full,onset_shared_hash_03,0.002199760178905995
combined_full,approved_drugs_both_available,0.002194667161710583
combined_full,inheritance_shared_hash_04,0.0021923392834258997
combined_full,body_systems_shared_hash_11,0.002191113048307919
combined_full,phenotypes_shared_hash_09,0.002185232449898444
combined_full,classifications_shared_hash_19,0.002178764471420441
combined_full,phenotypes_shared_hash_23,0.002177254619729738
combined_full,phenotypes_shared_hash_00,0.002150871372394539
combined_full,phenotypes_shared_hash_04,0.0021460439287201085
combined_full,ontology_parents_both_available,0.002098733420109868
combined_full,phenotypes_shared_hash_19,0.002085468490110317
combined_full,genes_available,0.0020758531391199112
combined_full,phenotypes_shared_hash_26,0.0020700280453193093
combined_full,all_drugs_jaccard,0.0020686123825761956
combined_full,classifications_shared_hash_15,0.002050231179764984
combined_full,classifications_shared_hash_06,0.0020241173661375224
combined_full,phenotypes_shared_hash_11,0.0020161992258810684
combined_full,genes_curated_union_both_available,0.0020014119168401063
combined_full,approved_drugs_size_balance,0.0019925506216300235
combined_full,approved_drugs_log1p_union,0.001987452474800911
combined_full,phenotypes_shared_hash_24,0.0019363066601568786
combined_full,classifications_shared_hash_12,0.001932019356189385
combined_full,categories_both_available,0.0019210099115519708
combined_full,preferential_parents_size_balance,0.001896548661486871
combined_full,inheritance_shared_hash_07,0.0018814576417626725
combined_full,phenotypes_shared_hash_10,0.0018295215185642655
combined_full,approved_drugs_size_balance,0.0018259833451943826
combined_full,onset_available,0.0018005228808359857
combined_full,classifications_available,0.0017870881897441044
combined_full,prevalence_class_match,0.0017669757834751416
combined_full,preferential_parents_both_available,0.0017404329590187402
combined_full,genes_shared_hash_22,0.001739777458856458
combined_full,inheritance_available,0.0017320799354479024
combined_full,phenotypes_available,0.0017221250066793879
combined_full,body_systems_shared_hash_05,0.0017063526828493476
combined_full,classifications_shared_hash_21,0.0017053126511377187
combined_full,inheritance_both_available,0.0016986955330919767
combined_full,genes_shared_hash_05,0.001690624600780166
combined_full,genes_shared_hash_11,0.0016763944932423375
combined_full,onset_both_available,0.0016680349338676897
combined_full,genes_shared_hash_09,0.0016477201551188872
combined_full,phenotypes_ancestors_both_available,0.0015799424415064408
combined_full,phenotypes_exact_both_available,0.001559375945963715
combined_full,onset_shared_hash_04,0.0015587230504435193
combined_full,phenotypes_shared_hash_03,0.0015456040879612055
combined_full,genes_shared_hash_26,0.0015077813541436497
combined_full,body_systems_shared_hash_15,0.0014907956377510191
combined_full,inheritance_different_hash_02,0.0014659437389881386
combined_full,phenotypes_shared_hash_08,0.001452566011954515
combined_full,phenotypes_shared_hash_18,0.0014437492336888454
combined_full,phenotypes_shared_hash_20,0.0014284939118298053
combined_full,classifications_shared_hash_05,0.0014276590011481289
combined_full,genes_shared_hash_04,0.0014052773405830784
combined_full,phenotypes_shared_hash_16,0.0013835528362688568
combined_full,genes_shared_hash_15,0.0013353475716108248
combined_full,phenotypes_shared_hash_28,0.0012865804412972714
combined_full,onset_shared_hash_00,0.0012734620401016214
combined_full,genes_shared_hash_28,0.0012435614338990725
combined_full,body_systems_shared_hash_12,0.0012378990039538236
combined_full,genes_shared_hash_14,0.0012228165715085634
combined_full,genes_shared_hash_31,0.0011820497254150723
combined_full,genes_shared_hash_19,0.0011710944291327538
combined_full,genes_shared_hash_24,0.001102139818134943
combined_full,approved_drugs_shared_hash_14,0.0010308702417871512
combined_full,body_systems_shared_hash_06,0.0010120961859573971
combined_full,classifications_shared_hash_13,0.0010038642540754733
combined_full,genes_shared_hash_21,0.0009817196281034165
combined_full,genes_shared_hash_23,0.0009708648356895563
combined_full,genes_shared_hash_00,0.0009401275983080235
combined_full,genes_shared_hash_20,0.0009257805468461041
combined_full,classifications_shared_hash_08,0.0009069187676104272
combined_full,genes_shared_hash_18,0.0009008831665385335
combined_full,genes_shared_hash_27,0.0008917174326164229
combined_full,body_systems_shared_hash_10,0.0008743209099857051
combined_full,classifications_shared_hash_16,0.0008441407401142452
combined_full,genes_shared_hash_17,0.0008330312315816145
combined_full,genes_shared_hash_16,0.0008178800834993645
combined_full,classifications_shared_hash_23,0.0008135067772295356
combined_full,genes_shared_hash_07,0.0008066659949495078
combined_full,genes_shared_hash_25,0.0007932006264170531
combined_full,genes_shared_hash_29,0.0007880404013878181
combined_full,genes_shared_hash_13,0.000725547159528277
combined_full,approved_drugs_log1p_shared,0.0006963688232882585
combined_full,genes_shared_hash_02,0.0006923471997551786
combined_full,genes_shared_hash_01,0.0006689686836871907
combined_full,inheritance_shared_hash_02,0.0006590145837235019
combined_full,genes_shared_hash_10,0.0006074255707329919
combined_full,approved_drugs_overlap_coefficient,0.000584394780799269
combined_full,genes_shared_hash_03,0.00057672787540692
combined_full,body_systems_both_available,0.0005564062568406859
combined_full,genes_shared_hash_08,0.0005434637083578135
combined_full,approved_drugs_shared_hash_05,0.0005015443222066727
combined_full,approved_drugs_overlap_coefficient,0.000474630038724089
combined_full,body_systems_shared_hash_07,0.0004704055752183173
combined_full,body_systems_shared_hash_08,0.00031316261531984696
combined_full,approved_drugs_jaccard,0.0002606766472797851
combined_full,approved_drugs_similarity,0.00026019370278209606
combined_full,body_systems_available,0.00022213697916426535
combined_full,onset_shared_hash_05,0.00014924433445503177
combined_full,inheritance_shared_hash_00,0.00013910176401788532
combined_full,approved_drugs_shared_hash_01,0.00010985107448331692
combined_full,approved_drugs_shared_hash_09,7.989387867902595e-06
combined_full,approved_drugs_shared_hash_13,6.651765178327944e-06
combined_full,body_systems_shared_hash_04,0.0
combined_full,inheritance_shared_hash_06,0.0
combined_full,inheritance_different_hash_01,0.0
combined_full,onset_shared_hash_02,0.0
combined_full,onset_shared_hash_06,0.0
combined_full,approved_drugs_shared_hash_00,0.0
combined_full,approved_drugs_shared_hash_02,0.0
combined_full,approved_drugs_shared_hash_03,0.0
combined_full,approved_drugs_shared_hash_04,0.0
combined_full,approved_drugs_shared_hash_06,0.0
combined_full,approved_drugs_shared_hash_07,0.0
combined_full,approved_drugs_shared_hash_08,0.0
combined_full,approved_drugs_shared_hash_10,0.0
combined_full,approved_drugs_shared_hash_11,0.0
combined_full,approved_drugs_shared_hash_12,0.0
combined_full,approved_drugs_shared_hash_15,0.0
