query_index,positive_pair_id,anchor_orpha_id,candidate_orpha_id,is_literature_positive,literature_target,current_heuristic_score,current_249_model_score,selected_improved_model_score,current_heuristic_positive_rank,current_249_model_positive_rank,selected_improved_model_positive_rank
1,ORPHA:158032|ORPHA:158061,ORPHA:158032,ORPHA:158061,1,0.85,0.31481605351170566,0.576428330928332,0.48336590475496855,2.0,1.0,6.0
1,ORPHA:158032|ORPHA:158061,ORPHA:158032,ORPHA:158041,0,,0.4857142857142857,0.5017209977279069,0.4570560149830038,2.0,1.0,6.0
1,ORPHA:158032|ORPHA:158061,ORPHA:158032,ORPHA:331223,0,,0.14141414141414144,0.497236066017317,0.5037181479978358,2.0,1.0,6.0
1,ORPHA:158032|ORPHA:158061,ORPHA:158032,ORPHA:482,0,,0.13333333333333336,0.4849403697691208,0.5225486922964988,2.0,1.0,6.0
1,ORPHA:158032|ORPHA:158061,ORPHA:158032,ORPHA:158000,0,,0.15500000000000003,0.5157203019781156,0.47144603362494136,2.0,1.0,6.0
1,ORPHA:158032|ORPHA:158061,ORPHA:158032,ORPHA:158014,0,,0.17500000000000004,0.5302646799092119,0.4834336226851868,2.0,1.0,6.0
1,ORPHA:158032|ORPHA:158061,ORPHA:158032,ORPHA:1959,0,,0.12000000000000002,0.5192755881734016,0.47800337162837325,2.0,1.0,6.0
1,ORPHA:158032|ORPHA:158061,ORPHA:158032,ORPHA:3002,0,,0.11539823008849559,0.534850699705388,0.4820038134319399,2.0,1.0,6.0
1,ORPHA:158032|ORPHA:158061,ORPHA:158032,ORPHA:35687,0,,0.10142857142857144,0.5138436470358356,0.46076082251082345,2.0,1.0,6.0
1,ORPHA:158032|ORPHA:158061,ORPHA:158032,ORPHA:47,0,,0.13564814814814816,0.5129846275252534,0.5443089336878403,2.0,1.0,6.0
1,ORPHA:158032|ORPHA:158061,ORPHA:158032,ORPHA:228423,0,,0.08974358974358974,0.4895265001202516,0.5205746443826063,2.0,1.0,6.0
2,ORPHA:2382|ORPHA:3451,ORPHA:2382,ORPHA:3451,1,0.85,0.1637626042805817,0.6069400876322754,0.5708675808682062,9.0,1.0,1.0
2,ORPHA:2382|ORPHA:3451,ORPHA:2382,ORPHA:501,0,,0.20281444771160978,0.5425876939033197,0.5511254111340054,9.0,1.0,1.0
2,ORPHA:2382|ORPHA:3451,ORPHA:2382,ORPHA:141,0,,0.18799593415961702,0.5155268112674369,0.5127753880667957,9.0,1.0,1.0
2,ORPHA:2382|ORPHA:3451,ORPHA:2382,ORPHA:682,0,,0.17793170054632856,0.5618195287698419,0.5367053675491182,9.0,1.0,1.0
2,ORPHA:2382|ORPHA:3451,ORPHA:2382,ORPHA:505652,0,,0.22839673913043476,0.55057779431217,0.5236894792707302,9.0,1.0,1.0
2,ORPHA:2382|ORPHA:3451,ORPHA:2382,ORPHA:58,0,,0.16485116816591705,0.5508720047313806,0.5221379283910543,9.0,1.0,1.0
2,ORPHA:2382|ORPHA:3451,ORPHA:2382,ORPHA:98934,0,,0.14236536366700941,0.5285981793091173,0.5111006944444455,9.0,1.0,1.0
2,ORPHA:2382|ORPHA:3451,ORPHA:2382,ORPHA:397933,0,,0.21636633208674783,0.5571954358719988,0.5702911706349207,9.0,1.0,1.0
2,ORPHA:2382|ORPHA:3451,ORPHA:2382,ORPHA:135,0,,0.15951260038770423,0.5304564604377111,0.5325874036553734,9.0,1.0,1.0
2,ORPHA:2382|ORPHA:3451,ORPHA:2382,ORPHA:614,0,,0.19883343434194706,0.5618249732905984,0.5308893307387067,9.0,1.0,1.0
2,ORPHA:2382|ORPHA:3451,ORPHA:2382,ORPHA:97,0,,0.18431522156068111,0.5851186395202025,0.5576806461767402,9.0,1.0,1.0
3,ORPHA:263|ORPHA:98895,ORPHA:263,ORPHA:98895,1,0.8,0.2146457547391492,0.4955899185305443,0.5245559027777785,11.0,11.0,8.0
3,ORPHA:263|ORPHA:98895,ORPHA:263,ORPHA:206647,0,,0.50625,0.5034451421098749,0.48853408431845985,11.0,11.0,8.0
3,ORPHA:263|ORPHA:98895,ORPHA:263,ORPHA:53739,0,,0.40796221322537113,0.5174052759740269,0.5111940972222228,11.0,11.0,8.0
3,ORPHA:263|ORPHA:98895,ORPHA:263,ORPHA:267,0,,0.45176396686598375,0.5467289006132756,0.5644348958333336,11.0,11.0,8.0
3,ORPHA:263|ORPHA:98895,ORPHA:263,ORPHA:45448,0,,0.2703367512060686,0.5050605301527186,0.6652842236467233,11.0,11.0,8.0
3,ORPHA:263|ORPHA:98895,ORPHA:263,ORPHA:597,0,,0.22061010118095736,0.5271838153744409,0.5015954861111119,11.0,11.0,8.0
3,ORPHA:263|ORPHA:98895,ORPHA:263,ORPHA:75840,0,,0.26780423446646173,0.544954694181915,0.5449859848484851,11.0,11.0,8.0
3,ORPHA:263|ORPHA:98895,ORPHA:263,ORPHA:70,0,,0.30580080022325723,0.5603581439393944,0.5803663862179487,11.0,11.0,8.0
3,ORPHA:263|ORPHA:98895,ORPHA:263,ORPHA:610,0,,0.2980422532301369,0.5659631786616165,0.5538748737373741,11.0,11.0,8.0
3,ORPHA:263|ORPHA:98895,ORPHA:263,ORPHA:803,0,,0.2148108307625388,0.5612274467777596,0.5306701805717438,11.0,11.0,8.0
3,ORPHA:263|ORPHA:98895,ORPHA:263,ORPHA:685,0,,0.28495391645535045,0.5789919021950276,0.55512088579823,11.0,11.0,8.0
4,ORPHA:378|ORPHA:71211,ORPHA:378,ORPHA:71211,1,0.8,0.022231784279977053,0.5724949074074079,0.546182668597742,11.0,3.0,1.0
4,ORPHA:378|ORPHA:71211,ORPHA:378,ORPHA:555,0,,0.08903572561482892,0.5325966848544982,0.5035326280133275,11.0,3.0,1.0
4,ORPHA:378|ORPHA:71211,ORPHA:378,ORPHA:94075,0,,0.24,0.5812908782768155,0.4607599138708525,11.0,3.0,1.0
4,ORPHA:378|ORPHA:71211,ORPHA:378,ORPHA:243377,0,,0.08042731869305478,0.5303462181337184,0.5034803600960589,11.0,3.0,1.0
4,ORPHA:378|ORPHA:71211,ORPHA:378,ORPHA:73247,0,,0.11380471380471381,0.5593609329906215,0.5110800888347772,11.0,3.0,1.0
4,ORPHA:378|ORPHA:71211,ORPHA:378,ORPHA:449563,0,,0.09322033898305086,0.5386489375042955,0.4705748636473834,11.0,3.0,1.0
4,ORPHA:378|ORPHA:71211,ORPHA:378,ORPHA:284130,0,,0.1284094452730296,0.5395963549182308,0.5099134481191469,11.0,3.0,1.0
4,ORPHA:378|ORPHA:71211,ORPHA:378,ORPHA:79098,0,,0.05006070794807137,0.5807454816017321,0.48606467833092915,11.0,3.0,1.0
4,ORPHA:378|ORPHA:71211,ORPHA:378,ORPHA:206,0,,0.055661471333949185,0.5200479121572879,0.49799079555180675,11.0,3.0,1.0
4,ORPHA:378|ORPHA:71211,ORPHA:378,ORPHA:179,0,,0.05,0.5514112644300153,0.48156154334840073,11.0,3.0,1.0
4,ORPHA:378|ORPHA:71211,ORPHA:378,ORPHA:2137,0,,0.08149509803921567,0.54613375022547,0.5017687277537285,11.0,3.0,1.0
5,ORPHA:387|ORPHA:48104,ORPHA:387,ORPHA:48104,1,0.85,0.0,0.5183078474476918,0.5548860152867968,11.0,6.0,3.0
5,ORPHA:387|ORPHA:48104,ORPHA:387,ORPHA:33409,0,,0.07407407407407407,0.4838867140795727,0.43223255685457057,11.0,6.0,3.0
5,ORPHA:387|ORPHA:48104,ORPHA:387,ORPHA:36426,0,,0.07417929292929293,0.5246911948352578,0.5564810827992818,11.0,6.0,3.0
5,ORPHA:387|ORPHA:48104,ORPHA:387,ORPHA:46487,0,,0.1,0.5113595027657534,0.5202868014219583,11.0,6.0,3.0
5,ORPHA:387|ORPHA:48104,ORPHA:387,ORPHA:46488,0,,0.1,0.5245982511123142,0.4849340672348489,11.0,6.0,3.0
5,ORPHA:387|ORPHA:48104,ORPHA:387,ORPHA:703,0,,0.05646929824561404,0.5244037029521411,0.5337278657106788,11.0,6.0,3.0
5,ORPHA:387|ORPHA:48104,ORPHA:387,ORPHA:435,0,,0.06118143459915612,0.5166955808080818,0.4348642036799674,11.0,6.0,3.0
5,ORPHA:387|ORPHA:48104,ORPHA:387,ORPHA:704,0,,0.05681818181818182,0.5218099358164989,0.5489077182009173,11.0,6.0,3.0
5,ORPHA:387|ORPHA:48104,ORPHA:387,ORPHA:218,0,,0.05555555555555556,0.5085016757882724,0.5770379885161145,11.0,6.0,3.0
5,ORPHA:387|ORPHA:48104,ORPHA:387,ORPHA:3022,0,,0.05555555555555556,0.4920037938912945,0.506493149038462,11.0,6.0,3.0
5,ORPHA:387|ORPHA:48104,ORPHA:387,ORPHA:1656,0,,0.04166666666666667,0.523536190025253,0.548914183501684,11.0,6.0,3.0
6,ORPHA:389|ORPHA:98852,ORPHA:389,ORPHA:98852,1,0.8,0.18571428571428572,0.5156192509169081,0.5151219098809304,7.0,11.0,4.0
6,ORPHA:389|ORPHA:98852,ORPHA:389,ORPHA:86854,0,,0.23505191373062703,0.5548640502602568,0.4783074404761914,7.0,11.0,4.0
6,ORPHA:389|ORPHA:98852,ORPHA:389,ORPHA:544,0,,0.24981579125601128,0.5501464558589566,0.48901923718642526,7.0,11.0,4.0
6,ORPHA:389|ORPHA:98852,ORPHA:389,ORPHA:687733,0,,0.30613687782805427,0.5300440431096691,0.48779359217171764,7.0,11.0,4.0
6,ORPHA:389|ORPHA:98852,ORPHA:389,ORPHA:29073,0,,0.16688105489388952,0.5473987363620185,0.5036746926857868,7.0,11.0,4.0
6,ORPHA:389|ORPHA:98852,ORPHA:389,ORPHA:543,0,,0.18322695224869137,0.5563612400909286,0.50420375423188,7.0,11.0,4.0
6,ORPHA:389|ORPHA:98852,ORPHA:389,ORPHA:521,0,,0.216636456327178,0.5668053706709962,0.5058719031836226,7.0,11.0,4.0
6,ORPHA:389|ORPHA:98852,ORPHA:389,ORPHA:729,0,,0.2166874804131548,0.5654777466168099,0.5392188277867972,7.0,11.0,4.0
6,ORPHA:389|ORPHA:98852,ORPHA:389,ORPHA:98274,0,,0.24520734466670668,0.5694098875661379,0.5370465616848439,7.0,11.0,4.0
6,ORPHA:389|ORPHA:98852,ORPHA:389,ORPHA:86839,0,,0.16169386395743957,0.546594862850444,0.529633479888168,7.0,11.0,4.0
6,ORPHA:389|ORPHA:98852,ORPHA:389,ORPHA:98293,0,,0.16663652257792247,0.536764906881314,0.4792450595700607,7.0,11.0,4.0
7,ORPHA:425|ORPHA:31150,ORPHA:425,ORPHA:31150,1,0.85,0.3901091833171882,0.5196931555134687,0.5802639289529921,1.0,5.0,1.0
7,ORPHA:425|ORPHA:31150,ORPHA:425,ORPHA:391665,0,,0.2797016894074627,0.5355424351689981,0.5112575676638184,1.0,5.0,1.0
7,ORPHA:425|ORPHA:31150,ORPHA:425,ORPHA:657,0,,0.24310776942355888,0.5245572262806646,0.46197495039682623,1.0,5.0,1.0
7,ORPHA:425|ORPHA:31150,ORPHA:425,ORPHA:2882,0,,0.27394025741179484,0.5378107007575763,0.5350542906746036,1.0,5.0,1.0
7,ORPHA:425|ORPHA:31150,ORPHA:425,ORPHA:42,0,,0.09835373999813843,0.48633603445166057,0.4498456439393955,1.0,5.0,1.0
7,ORPHA:425|ORPHA:31150,ORPHA:425,ORPHA:79201,0,,0.18216097930405345,0.49167458438552275,0.4862203678266187,1.0,5.0,1.0
7,ORPHA:425|ORPHA:31150,ORPHA:425,ORPHA:766,0,,0.08956232970515933,0.5088095824314582,0.456506797889612,1.0,5.0,1.0
7,ORPHA:425|ORPHA:31150,ORPHA:425,ORPHA:65284,0,,0.14152649665400616,0.5052009437656652,0.467764901996153,1.0,5.0,1.0
7,ORPHA:425|ORPHA:31150,ORPHA:425,ORPHA:552,0,,0.13836987264698944,0.52552206890332,0.49514965277777906,1.0,5.0,1.0
7,ORPHA:425|ORPHA:31150,ORPHA:425,ORPHA:79241,0,,0.08811535295562768,0.4928080808080814,0.4841909346440609,1.0,5.0,1.0
7,ORPHA:425|ORPHA:31150,ORPHA:425,ORPHA:418,0,,0.09650314477618337,0.49548338293650873,0.4932549603174621,1.0,5.0,1.0
8,ORPHA:480|ORPHA:520820,ORPHA:480,ORPHA:520820,1,0.825,0.4449233716475096,0.5885634402056278,0.6491519735349358,1.0,5.0,1.0
8,ORPHA:480|ORPHA:520820,ORPHA:480,ORPHA:550,0,,0.4133671235390898,0.6821051816239317,0.5735894631410262,1.0,5.0,1.0
8,ORPHA:480|ORPHA:520820,ORPHA:480,ORPHA:551,0,,0.3697209109026154,0.6837844761719761,0.5889962829415956,1.0,5.0,1.0
8,ORPHA:480|ORPHA:520820,ORPHA:480,ORPHA:77259,0,,0.1859897384971864,0.524667708333334,0.5537278102106233,1.0,5.0,1.0
8,ORPHA:480|ORPHA:520820,ORPHA:480,ORPHA:273,0,,0.19040650700916098,0.5857956087315465,0.5254000049603184,1.0,5.0,1.0
8,ORPHA:480|ORPHA:520820,ORPHA:480,ORPHA:579,0,,0.1671919980249139,0.5362153247504815,0.5653653350122105,1.0,5.0,1.0
8,ORPHA:480|ORPHA:520820,ORPHA:480,ORPHA:104,0,,0.27984599719994907,0.6949633098383091,0.5873526223776235,1.0,5.0,1.0
8,ORPHA:480|ORPHA:520820,ORPHA:480,ORPHA:845,0,,0.16752234060835194,0.5360160037878795,0.5477738260582021,1.0,5.0,1.0
8,ORPHA:480|ORPHA:520820,ORPHA:480,ORPHA:355,0,,0.17024956314317252,0.5391513755341887,0.5565437576312587,1.0,5.0,1.0
8,ORPHA:480|ORPHA:520820,ORPHA:480,ORPHA:590,0,,0.15568726917903603,0.575952344877345,0.5327671073717958,1.0,5.0,1.0
8,ORPHA:480|ORPHA:520820,ORPHA:480,ORPHA:309169,0,,0.17808097699402048,0.6098925099206356,0.5886868742368748,1.0,5.0,1.0
9,ORPHA:51|ORPHA:536,ORPHA:51,ORPHA:536,1,0.9,0.11467513819205537,0.5832999674515307,0.5911744944291822,11.0,4.0,4.0
9,ORPHA:51|ORPHA:536,ORPHA:51,ORPHA:69126,0,,0.15685231708470088,0.5747319632335267,0.521027777777778,11.0,4.0,4.0
9,ORPHA:51|ORPHA:536,ORPHA:51,ORPHA:684,0,,0.15182657731284732,0.5883174297924304,0.5404518982753371,11.0,4.0,4.0
9,ORPHA:51|ORPHA:536,ORPHA:51,ORPHA:35689,0,,0.13697195684668875,0.5736323355463983,0.5052980902777786,11.0,4.0,4.0
9,ORPHA:51|ORPHA:536,ORPHA:51,ORPHA:32960,0,,0.1513265544647031,0.5971867816211573,0.5247525240384625,11.0,4.0,4.0
9,ORPHA:51|ORPHA:536,ORPHA:51,ORPHA:208650,0,,0.22076023391812866,0.5804247799654054,0.48534713654401324,11.0,4.0,4.0
9,ORPHA:51|ORPHA:536,ORPHA:51,ORPHA:610,0,,0.1766570956255265,0.5766133834915093,0.5936009424603181,11.0,4.0,4.0
9,ORPHA:51|ORPHA:536,ORPHA:51,ORPHA:70,0,,0.1294758762838098,0.5207087331649839,0.5499791418650803,11.0,4.0,4.0
9,ORPHA:51|ORPHA:536,ORPHA:51,ORPHA:75840,0,,0.20448003415891555,0.5886267629939508,0.6112233249389507,11.0,4.0,4.0
9,ORPHA:51|ORPHA:536,ORPHA:51,ORPHA:1496,0,,0.18638185486011571,0.5824546373187001,0.5967063434829067,11.0,4.0,4.0
9,ORPHA:51|ORPHA:536,ORPHA:51,ORPHA:269,0,,0.11780765546599165,0.5367669179778564,0.5305648313492074,11.0,4.0,4.0
10,ORPHA:52688|ORPHA:98274,ORPHA:52688,ORPHA:98274,1,0.85,0.28754227567921664,0.5447171574085649,0.6014729237487056,2.0,5.0,1.0
10,ORPHA:52688|ORPHA:98274,ORPHA:52688,ORPHA:86839,0,,0.2054774362328319,0.5484374018342776,0.5232309291981175,2.0,5.0,1.0
10,ORPHA:52688|ORPHA:98274,ORPHA:52688,ORPHA:86841,0,,0.19735989668774828,0.5573873083513718,0.5162592179232811,2.0,5.0,1.0
10,ORPHA:52688|ORPHA:98274,ORPHA:52688,ORPHA:29073,0,,0.23582782054726265,0.5394465736520432,0.5732064499158256,2.0,5.0,1.0
10,ORPHA:52688|ORPHA:98274,ORPHA:52688,ORPHA:98293,0,,0.24704800704414384,0.5410093756648452,0.5891347380050507,2.0,5.0,1.0
10,ORPHA:52688|ORPHA:98274,ORPHA:52688,ORPHA:544,0,,0.36113166451337614,0.5228341728583928,0.5770104955808081,2.0,5.0,1.0
10,ORPHA:52688|ORPHA:98274,ORPHA:52688,ORPHA:86854,0,,0.2611823539696651,0.5208681231962495,0.5812504712301589,2.0,5.0,1.0
10,ORPHA:52688|ORPHA:98274,ORPHA:52688,ORPHA:3318,0,,0.24187752831007708,0.555099669601233,0.5583192899114776,2.0,5.0,1.0
10,ORPHA:52688|ORPHA:98274,ORPHA:52688,ORPHA:824,0,,0.21313817985060265,0.5592426164980858,0.5418146548185616,2.0,5.0,1.0
10,ORPHA:52688|ORPHA:98274,ORPHA:52688,ORPHA:3162,0,,0.1259978774073307,0.49772944850288703,0.5010215292809052,2.0,5.0,1.0
10,ORPHA:52688|ORPHA:98274,ORPHA:52688,ORPHA:2584,0,,0.12231869254341166,0.5128942563558524,0.511503505291006,2.0,5.0,1.0
11,ORPHA:595|ORPHA:596,ORPHA:595,ORPHA:596,1,0.8,0.26645138487243747,0.5251404491341991,0.5318872403464597,11.0,5.0,5.0
11,ORPHA:595|ORPHA:596,ORPHA:595,ORPHA:607,0,,0.4369747899159664,0.5315515017968148,0.5141561395202028,11.0,5.0,5.0
11,ORPHA:595|ORPHA:596,ORPHA:595,ORPHA:97245,0,,0.4362745098039216,0.5058537985162993,0.5378062219146603,11.0,5.0,5.0
11,ORPHA:595|ORPHA:596,ORPHA:595,ORPHA:53739,0,,0.32211538461538464,0.510403035563974,0.5155385416666672,11.0,5.0,5.0
11,ORPHA:595|ORPHA:596,ORPHA:595,ORPHA:206647,0,,0.31851851851851853,0.4741961835618096,0.47292610965423515,11.0,5.0,5.0
11,ORPHA:595|ORPHA:596,ORPHA:595,ORPHA:263,0,,0.3601796830786644,0.5239134589947101,0.48376259920635034,11.0,5.0,5.0
11,ORPHA:595|ORPHA:596,ORPHA:595,ORPHA:206966,0,,0.35185185185185186,0.5060864260161143,0.4926348394660905,11.0,5.0,5.0
11,ORPHA:595|ORPHA:596,ORPHA:595,ORPHA:45448,0,,0.29678362573099415,0.5280512088605849,0.5424761824113393,11.0,5.0,5.0
11,ORPHA:595|ORPHA:596,ORPHA:595,ORPHA:267,0,,0.33187134502923976,0.5485288862179492,0.5680779703803147,11.0,5.0,5.0
11,ORPHA:595|ORPHA:596,ORPHA:595,ORPHA:597,0,,0.3243616287094548,0.5389212428774937,0.5683053442622197,11.0,5.0,5.0
11,ORPHA:595|ORPHA:596,ORPHA:595,ORPHA:269,0,,0.2979378270236996,0.4955900575697461,0.4899454522907656,11.0,5.0,5.0
12,ORPHA:636|ORPHA:137605,ORPHA:636,ORPHA:137605,1,0.85,0.22598654293623915,0.6278597719988339,0.6625958829365078,3.0,1.0,1.0
12,ORPHA:636|ORPHA:137605,ORPHA:636,ORPHA:910,0,,0.1227949386745711,0.5548549392736897,0.5165763302669562,3.0,1.0,1.0
12,ORPHA:636|ORPHA:137605,ORPHA:636,ORPHA:783,0,,0.21003985039807913,0.6181579727564106,0.5782208573717952,3.0,1.0,1.0
12,ORPHA:636|ORPHA:137605,ORPHA:636,ORPHA:904,0,,0.26625707128404885,0.6044588045634927,0.5941156154609281,3.0,1.0,1.0
12,ORPHA:636|ORPHA:137605,ORPHA:636,ORPHA:637,0,,0.23920359274114253,0.6053412445771827,0.5503169244528623,3.0,1.0,1.0
12,ORPHA:636|ORPHA:137605,ORPHA:636,ORPHA:191,0,,0.10871750786804989,0.5467620099807609,0.5523674580627713,3.0,1.0,1.0
12,ORPHA:636|ORPHA:137605,ORPHA:636,ORPHA:93921,0,,0.21691907476139977,0.612220555370556,0.5461947420634929,3.0,1.0,1.0
12,ORPHA:636|ORPHA:137605,ORPHA:636,ORPHA:65285,0,,0.16082690707443795,0.621318617724868,0.5833576862373744,3.0,1.0,1.0
12,ORPHA:636|ORPHA:137605,ORPHA:636,ORPHA:892,0,,0.20210377782695566,0.6000028330176775,0.6082111111111118,3.0,1.0,1.0
12,ORPHA:636|ORPHA:137605,ORPHA:636,ORPHA:773,0,,0.09277848382993757,0.5015161819083703,0.5467215277777787,3.0,1.0,1.0
12,ORPHA:636|ORPHA:137605,ORPHA:636,ORPHA:3378,0,,0.2102381464083592,0.612595461309524,0.56837132936508,3.0,1.0,1.0
13,ORPHA:636|ORPHA:908,ORPHA:636,ORPHA:908,1,0.8,0.15769927496974198,0.6091940304487181,0.5513031250000007,8.0,5.0,7.0
13,ORPHA:636|ORPHA:908,ORPHA:636,ORPHA:910,0,,0.1227949386745711,0.5548549392736897,0.5165763302669562,8.0,5.0,7.0
13,ORPHA:636|ORPHA:908,ORPHA:636,ORPHA:783,0,,0.21003985039807913,0.6181579727564106,0.5782208573717952,8.0,5.0,7.0
13,ORPHA:636|ORPHA:908,ORPHA:636,ORPHA:904,0,,0.26625707128404885,0.6044588045634927,0.5941156154609281,8.0,5.0,7.0
13,ORPHA:636|ORPHA:908,ORPHA:636,ORPHA:637,0,,0.23920359274114253,0.6053412445771827,0.5503169244528623,8.0,5.0,7.0
13,ORPHA:636|ORPHA:908,ORPHA:636,ORPHA:191,0,,0.10871750786804989,0.5467620099807609,0.5523674580627713,8.0,5.0,7.0
13,ORPHA:636|ORPHA:908,ORPHA:636,ORPHA:93921,0,,0.21691907476139977,0.612220555370556,0.5461947420634929,8.0,5.0,7.0
13,ORPHA:636|ORPHA:908,ORPHA:636,ORPHA:65285,0,,0.16082690707443795,0.621318617724868,0.5833576862373744,8.0,5.0,7.0
13,ORPHA:636|ORPHA:908,ORPHA:636,ORPHA:892,0,,0.20210377782695566,0.6000028330176775,0.6082111111111118,8.0,5.0,7.0
13,ORPHA:636|ORPHA:908,ORPHA:636,ORPHA:773,0,,0.09277848382993757,0.5015161819083703,0.5467215277777787,8.0,5.0,7.0
13,ORPHA:636|ORPHA:908,ORPHA:636,ORPHA:3378,0,,0.2102381464083592,0.612595461309524,0.56837132936508,8.0,5.0,7.0
14,ORPHA:655|ORPHA:140874,ORPHA:655,ORPHA:140874,1,0.85,0.1789058894322052,0.626637892489455,0.6295255209605206,4.0,1.0,1.0
14,ORPHA:655|ORPHA:140874,ORPHA:655,ORPHA:730,0,,0.24327248473732277,0.6061941208675588,0.596488630698006,4.0,1.0,1.0
14,ORPHA:655|ORPHA:140874,ORPHA:655,ORPHA:329918,0,,0.16577240022138856,0.5753585347522852,0.5156838819745075,4.0,1.0,1.0
14,ORPHA:655|ORPHA:140874,ORPHA:655,ORPHA:34145,0,,0.168967803030303,0.5373614966630594,0.5349809892075515,4.0,1.0,1.0
14,ORPHA:655|ORPHA:140874,ORPHA:655,ORPHA:654,0,,0.12005601126939193,0.5310544027731534,0.4876285804473314,4.0,1.0,1.0
14,ORPHA:655|ORPHA:140874,ORPHA:655,ORPHA:358,0,,0.21645427286356822,0.574684118716932,0.5737425099206356,4.0,1.0,1.0
14,ORPHA:655|ORPHA:140874,ORPHA:655,ORPHA:2134,0,,0.1722735174640342,0.604944088955027,0.5562022916319791,4.0,1.0,1.0
14,ORPHA:655|ORPHA:140874,ORPHA:655,ORPHA:223,0,,0.18376068376068375,0.5851938131313134,0.5684567956349214,4.0,1.0,1.0
14,ORPHA:655|ORPHA:140874,ORPHA:655,ORPHA:97560,0,,0.11764705882352941,0.5472099206349212,0.5439841046106675,4.0,1.0,1.0
14,ORPHA:655|ORPHA:140874,ORPHA:655,ORPHA:1652,0,,0.13290583470517287,0.5759768247955752,0.5574589610042738,4.0,1.0,1.0
14,ORPHA:655|ORPHA:140874,ORPHA:655,ORPHA:63,0,,0.15431431691607253,0.5814142120610877,0.5929959668803427,4.0,1.0,1.0
15,ORPHA:803|ORPHA:98756,ORPHA:803,ORPHA:98756,1,0.85,0.21520794324886122,0.605541772810523,0.5768129400691904,4.0,4.0,4.0
15,ORPHA:803|ORPHA:98756,ORPHA:803,ORPHA:610,0,,0.17687689423096675,0.5738475198412706,0.5380417103729611,4.0,4.0,4.0
15,ORPHA:803|ORPHA:98756,ORPHA:803,ORPHA:75840,0,,0.1756432184878957,0.5739630151098909,0.5338646270396274,4.0,4.0,4.0
15,ORPHA:803|ORPHA:98756,ORPHA:803,ORPHA:269,0,,0.20381792210300145,0.573192383866135,0.5763831900738157,4.0,4.0,4.0
15,ORPHA:803|ORPHA:98756,ORPHA:803,ORPHA:98759,0,,0.16989958989450382,0.5808176522435904,0.5385645906177158,4.0,4.0,4.0
15,ORPHA:803|ORPHA:98756,ORPHA:803,ORPHA:98757,0,,0.2450309280483319,0.6772452106920855,0.6723483039529913,4.0,4.0,4.0
15,ORPHA:803|ORPHA:98756,ORPHA:803,ORPHA:597,0,,0.16304750406049032,0.5599016607524424,0.5534299471361974,4.0,4.0,4.0
15,ORPHA:803|ORPHA:98756,ORPHA:803,ORPHA:2289,0,,0.17615265169612995,0.6106618704212456,0.5745041018009768,4.0,4.0,4.0
15,ORPHA:803|ORPHA:98756,ORPHA:803,ORPHA:98758,0,,0.18298792386869153,0.6360624076617826,0.5931480521214898,4.0,4.0,4.0
15,ORPHA:803|ORPHA:98756,ORPHA:803,ORPHA:45448,0,,0.24597986073414826,0.5744757312132317,0.6035144230769233,4.0,4.0,4.0
15,ORPHA:803|ORPHA:98756,ORPHA:803,ORPHA:267,0,,0.2186850949737548,0.5319988984973364,0.5686535657051287,4.0,4.0,4.0
16,ORPHA:829|ORPHA:85414,ORPHA:829,ORPHA:85414,1,0.8,0.22010995755953175,0.5663148437500006,0.5613369463291348,8.0,8.0,8.0
16,ORPHA:829|ORPHA:85414,ORPHA:829,ORPHA:728,0,,0.19199163304945466,0.5655302598154162,0.5114815383401331,8.0,8.0,8.0
16,ORPHA:829|ORPHA:85414,ORPHA:829,ORPHA:732,0,,0.3767441372050226,0.6327413988095235,0.6440656784188036,8.0,8.0,8.0
16,ORPHA:829|ORPHA:85414,ORPHA:829,ORPHA:221,0,,0.33507320453954775,0.6431386940490065,0.6445346287393167,8.0,8.0,8.0
16,ORPHA:829|ORPHA:85414,ORPHA:829,ORPHA:536,0,,0.19410443313328357,0.6522551648004772,0.6755486771214899,8.0,8.0,8.0
16,ORPHA:829|ORPHA:85414,ORPHA:829,ORPHA:442582,0,,0.27502177163874114,0.554244106240982,0.5279749774531034,8.0,8.0,8.0
16,ORPHA:829|ORPHA:85414,ORPHA:829,ORPHA:81,0,,0.29851378529463,0.626780228556166,0.6157028178418814,8.0,8.0,8.0
16,ORPHA:829|ORPHA:85414,ORPHA:829,ORPHA:92,0,,0.22646595458883506,0.5168048836580096,0.576806146284271,8.0,8.0,8.0
16,ORPHA:829|ORPHA:85414,ORPHA:829,ORPHA:809,0,,0.21154796397367656,0.6210311250381558,0.5604836557539687,8.0,8.0,8.0
16,ORPHA:829|ORPHA:85414,ORPHA:829,ORPHA:375,0,,0.24635190995567507,0.6340849503968252,0.5797079271423029,8.0,8.0,8.0
16,ORPHA:829|ORPHA:85414,ORPHA:829,ORPHA:397,0,,0.23173455065626922,0.6136521205357145,0.6436841092934845,8.0,8.0,8.0
17,ORPHA:902|ORPHA:2909,ORPHA:902,ORPHA:2909,1,0.85,0.23962851737004406,0.542944873702687,0.5567197916666673,1.0,3.0,2.0
17,ORPHA:902|ORPHA:2909,ORPHA:902,ORPHA:813,0,,0.13995492621330163,0.5235613794191928,0.5138972222222231,1.0,3.0,2.0
17,ORPHA:902|ORPHA:2909,ORPHA:902,ORPHA:313,0,,0.19673121462195134,0.5540110099391357,0.558273080044956,1.0,3.0,2.0
17,ORPHA:902|ORPHA:2909,ORPHA:902,ORPHA:457,0,,0.1893781969309463,0.5374518632409266,0.5106113320707077,1.0,3.0,2.0
17,ORPHA:902|ORPHA:2909,ORPHA:902,ORPHA:3440,0,,0.14070979467354558,0.525135345441596,0.49789034090909196,1.0,3.0,2.0
17,ORPHA:902|ORPHA:2909,ORPHA:902,ORPHA:281,0,,0.12598117127102632,0.5474925264550272,0.512911505681819,1.0,3.0,2.0
17,ORPHA:902|ORPHA:2909,ORPHA:902,ORPHA:285,0,,0.12607188777633535,0.5164299603174614,0.5009433779761918,1.0,3.0,2.0
17,ORPHA:902|ORPHA:2909,ORPHA:902,ORPHA:85278,0,,0.10552062991712483,0.5390323367604624,0.5030819444444454,1.0,3.0,2.0
17,ORPHA:902|ORPHA:2909,ORPHA:902,ORPHA:886,0,,0.18490083188215645,0.5148250496031754,0.5195247159090917,1.0,3.0,2.0
17,ORPHA:902|ORPHA:2909,ORPHA:902,ORPHA:2849,0,,0.1776663775603551,0.5145848710317469,0.4907416508838397,1.0,3.0,2.0
17,ORPHA:902|ORPHA:2909,ORPHA:902,ORPHA:2273,0,,0.11372639894763611,0.5424397734788363,0.4772458513708522,1.0,3.0,2.0
18,ORPHA:98917|ORPHA:139417,ORPHA:98917,ORPHA:139417,1,0.8,0.30303030303030304,0.49636625067640805,0.5019645834672155,10.0,7.0,10.0
18,ORPHA:98917|ORPHA:139417,ORPHA:98917,ORPHA:231426,0,,0.8783783783783783,0.7733446924603165,0.7912852393266451,10.0,7.0,10.0
18,ORPHA:98917|ORPHA:139417,ORPHA:98917,ORPHA:420789,0,,0.39604989604989604,0.4803745717869498,0.543051103670635,10.0,7.0,10.0
18,ORPHA:98917|ORPHA:139417,ORPHA:98917,ORPHA:730238,0,,0.5260416666666666,0.503184803569056,0.49824733926374604,10.0,7.0,10.0
18,ORPHA:98917|ORPHA:139417,ORPHA:98917,ORPHA:443180,0,,0.4054054054054055,0.48390065809647326,0.5143652768238708,10.0,7.0,10.0
18,ORPHA:98917|ORPHA:139417,ORPHA:98917,ORPHA:231466,0,,0.9189189189189189,0.7799464285714276,0.7892775688720997,10.0,7.0,10.0
18,ORPHA:98917|ORPHA:139417,ORPHA:98917,ORPHA:250831,0,,0.48841698841698844,0.5620811769005851,0.5636534350198413,10.0,7.0,10.0
18,ORPHA:98917|ORPHA:139417,ORPHA:98917,ORPHA:641,0,,0.3918918918918919,0.4923820132124832,0.512970461309524,10.0,7.0,10.0
18,ORPHA:98917|ORPHA:139417,ORPHA:98917,ORPHA:79138,0,,0.6737451737451738,0.7127527854090354,0.7612059013035578,10.0,7.0,10.0
18,ORPHA:98917|ORPHA:139417,ORPHA:98917,ORPHA:247245,0,,0.5368550368550369,0.5656725198412708,0.6763007688781133,10.0,7.0,10.0
18,ORPHA:98917|ORPHA:139417,ORPHA:98917,ORPHA:723358,0,,0.2567567567567568,0.47776215032530933,0.5256389508928578,10.0,7.0,10.0
