name_in_papers,canonical_name
16p11.2 deletion,16p11.2 deletion
16p11.2 duplication,16p11.2 duplication
1p36 deletion syndrome,1p36 deletion syndrome
22q11.2 deletion syndrome,22q11.2 deletion syndrome
2q23.1 microdeletion syndrome,2q23.1 microdeletion syndrome
"47,XYY syndrome","47,XYY syndrome"
5q- myelodysplastic syndrome,5q- myelodysplastic syndrome
5q11.2 microdeletion syndrome,5q11.2 microdeletion syndrome
7q11.23 duplication syndrome,7q11.23 duplication syndrome
ACE-inhibitor-induced angioedema,ACE-inhibitor-induced angioedema
ACE-inhibitor/ARB-induced angioedema,ACE-inhibitor-induced angioedema
achalasia,achalasia
achondroplasia,achondroplasia
achromatopsia,achromatopsia
acid sphingomyelinase deficiency,acid sphingomyelinase deficiency
acromegaly,acromegaly
acute disseminated encephalomyelitis,acute disseminated encephalomyelitis
acute intermittent porphyria,acute intermittent porphyria
acute ischemic stroke,acute ischemic stroke
acute myocardial infarction,acute myocardial infarction
ADNP syndrome,ADNP syndrome
adrenocortical adenoma,adrenocortical adenoma
adrenocortical carcinoma,adrenocortical carcinoma
adult-onset Still disease,Still disease
adult-onset vitelliform macular dystrophy,adult-onset vitelliform macular dystrophy
age-related macular degeneration,age-related macular degeneration
Aicardi-Goutieres syndrome,Aicardi-Goutieres syndrome
AL amyloidosis,amyloidosis
AL cardiac amyloidosis,amyloidosis
Alagille syndrome,Alagille syndrome
Alexander disease,Alexander disease
alkaptonuria,alkaptonuria
allergic bronchopulmonary aspergillosis,allergic bronchopulmonary aspergillosis
alpha-1 antitrypsin deficiency,alpha-1 antitrypsin deficiency
alpha-1 antitrypsin deficiency (PI*ZZ),alpha-1 antitrypsin deficiency
Alport syndrome,Alport syndrome
Alport syndrome (X-linked),Alport syndrome
Alstrom syndrome,Alstrom syndrome
Alzheimer disease,Alzheimer disease
amnestic Alzheimer dementia,Alzheimer disease
amyloidosis,amyloidosis
amyotrophic lateral sclerosis,amyotrophic lateral sclerosis
amyotrophic lateral sclerosis (LMN-dominant),amyotrophic lateral sclerosis
anaplastic thyroid carcinoma,anaplastic thyroid carcinoma
ANCA-associated vasculitis,ANCA-associated vasculitis
ANCA-negative eosinophilic granulomatosis with polyangiitis,eosinophilic granulomatosis with polyangiitis
Andersen-Tawil syndrome,Andersen-Tawil syndrome
Angelman syndrome,Angelman syndrome
aniridia,aniridia
anti-GBM disease,anti-GBM disease
anti-NMDA receptor encephalitis,anti-NMDA receptor encephalitis
antisynthetase syndrome,antisynthetase syndrome
APECED,APECED
aplastic anemia,aplastic anemia
apolipoprotein A-I deficiency,apolipoprotein A-I deficiency
aquaporin-4+ neuromyelitis optica spectrum disorder,neuromyelitis optica spectrum disorder
arrhythmogenic right ventricular cardiomyopathy,arrhythmogenic right ventricular cardiomyopathy
asthma,asthma
ataxia with vitamin E deficiency,ataxia with vitamin E deficiency
ataxia-telangiectasia,ataxia-telangiectasia
atherosclerosis,atherosclerosis
atopic dermatitis,atopic dermatitis
attenuated familial adenomatous polyposis,familial adenomatous polyposis
atypical hemolytic uremic syndrome,atypical hemolytic uremic syndrome
atypical teratoid rhabdoid tumor,atypical teratoid rhabdoid tumor
autism spectrum disorder,autism spectrum disorder
autism spectrum disorder (idiopathic),autism spectrum disorder
autoimmune encephalitis,autoimmune encephalitis
autoimmune enteropathy,autoimmune enteropathy
autoimmune hepatitis,autoimmune hepatitis
autoimmune lymphoproliferative syndrome,autoimmune lymphoproliferative syndrome
autoimmune pancreatitis,autoimmune pancreatitis
autosomal dominant Alzheimer disease,Alzheimer disease
autosomal dominant optic atrophy,autosomal dominant optic atrophy
autosomal dominant polycystic kidney disease,autosomal dominant polycystic kidney disease
autosomal recessive polycystic kidney disease,autosomal recessive polycystic kidney disease
Bannayan-Riley-Ruvalcaba syndrome,PTEN hamartoma tumor syndrome
Bardet-Biedl syndrome,Bardet-Biedl syndrome
Barth syndrome,Barth syndrome
Bartter syndrome,Bartter syndrome
Becker muscular dystrophy,Becker muscular dystrophy
Beckwith-Wiedemann syndrome,Beckwith-Wiedemann syndrome
behavioural variant frontotemporal dementia,behavioural variant frontotemporal dementia
Behcet disease,Behcet disease
benign hereditary chorea,benign hereditary chorea
Bernard-Soulier syndrome,Bernard-Soulier syndrome
Best vitelliform macular dystrophy,Best vitelliform macular dystrophy
beta-thalassemia major,thalassemia
Bethlem myopathy,Bethlem myopathy
biliary atresia,biliary atresia
birdshot chorioretinopathy,birdshot chorioretinopathy
Birt-Hogg-Dube syndrome,Birt-Hogg-Dube syndrome
Blau syndrome,Blau syndrome
Bloom syndrome,Bloom syndrome
Brugada syndrome,Brugada syndrome
Budd-Chiari syndrome,Budd-Chiari syndrome
bullous pemphigoid,bullous pemphigoid
Burkitt lymphoma,Burkitt lymphoma
C3 glomerulopathy,C3 glomerulopathy
CADASIL,CADASIL
Canavan disease,Canavan disease
CANVAS,CANVAS
cardiac amyloidosis,amyloidosis
cardiac sarcoidosis,cardiac sarcoidosis
cardiofaciocutaneous syndrome,cardiofaciocutaneous syndrome
cardiovascular ageing / atherosclerosis,atherosclerosis
Castleman disease,Castleman disease
catastrophic antiphospholipid syndrome,catastrophic antiphospholipid syndrome
catecholaminergic polymorphic ventricular tachycardia,catecholaminergic polymorphic ventricular tachycardia
CDKL5 deficiency disorder,CDKL5 deficiency disorder
celiac disease,celiac disease
central core disease,central core disease
central diabetes insipidus,diabetes insipidus
centronuclear myopathy,centronuclear myopathy
cerebral palsy,cerebral palsy
cerebrotendinous xanthomatosis,cerebrotendinous xanthomatosis
Charcot-Marie-Tooth disease,Charcot-Marie-Tooth disease
Charcot-Marie-Tooth type 1A,Charcot-Marie-Tooth disease
CHARGE syndrome,CHARGE syndrome
Chediak-Higashi syndrome,Chediak-Higashi syndrome
Chiari I malformation,Chiari I malformation
cholangiocarcinoma,cholangiocarcinoma
chondrosarcoma,chondrosarcoma
chordoma,chordoma
chorea-acanthocytosis,chorea-acanthocytosis
choroideremia,choroideremia
Christianson syndrome,Christianson syndrome
chronic beryllium disease,chronic beryllium disease
chronic granulomatous disease,chronic granulomatous disease
chronic inflammatory demyelinating polyneuropathy,chronic inflammatory demyelinating polyneuropathy
chronic intestinal pseudo-obstruction,chronic intestinal pseudo-obstruction
chronic myeloid leukemia,chronic myeloid leukemia
chronic progressive external ophthalmoplegia,chronic progressive external ophthalmoplegia
chronic thromboembolic pulmonary hypertension,chronic thromboembolic pulmonary hypertension
classical homocystinuria,classical homocystinuria
Coats disease,Coats disease
Cockayne syndrome,Cockayne syndrome
Coffin-Siris syndrome,Coffin-Siris syndrome
common variable immunodeficiency,common variable immunodeficiency
cone dystrophy,cone dystrophy
congenital adrenal hyperplasia,congenital adrenal hyperplasia
congenital central hypoventilation syndrome,congenital central hypoventilation syndrome
congenital dyserythropoietic anemia,congenital dyserythropoietic anemia
congenital hyperinsulinism,congenital hyperinsulinism
congenital hypogonadotropic hypogonadism,congenital hypogonadotropic hypogonadism
congenital hypomyelinating neuropathy,congenital hypomyelinating neuropathy
congenital lipodystrophy,congenital lipodystrophy
congenital myasthenic syndrome,congenital myasthenic syndrome
congenital myopathy,congenital myopathy
constitutional delay of growth and puberty,constitutional delay of growth and puberty
COPD,COPD
COPD (non-AATD),COPD
COPD (PI*MM),COPD
Cornelia de Lange syndrome,Cornelia de Lange syndrome
corticobasal syndrome,corticobasal syndrome
Costello syndrome,Costello syndrome
Cowden syndrome,PTEN hamartoma tumor syndrome
Creutzfeldt-Jakob disease,Creutzfeldt-Jakob disease
cri du chat syndrome,cri du chat syndrome
Crigler-Najjar syndrome,Crigler-Najjar syndrome
Crohn disease,Crohn disease
cryoglobulinemic vasculitis,cryoglobulinemic vasculitis
cryopyrin-associated periodic syndrome,cryopyrin-associated periodic syndrome
Cushing disease,Cushing disease
cutaneous melanoma,cutaneous melanoma
cutis laxa,cutis laxa
cystic fibrosis,cystic fibrosis
Danon disease,Danon disease
Darier disease,Darier disease
deficiency of adenosine deaminase 2,deficiency of adenosine deaminase 2
dementia with Lewy bodies,dementia with Lewy bodies
demyelinating Charcot-Marie-Tooth disease,Charcot-Marie-Tooth disease
Dent disease 2,Dent disease
dermatitis herpetiformis,dermatitis herpetiformis
dermatomyositis,dermatomyositis
desmoid tumor,desmoid tumor
Diamond-Blackfan anemia,Diamond-Blackfan anemia
diffuse large B-cell lymphoma,diffuse large B-cell lymphoma
diffuse midline glioma,diffuse midline glioma
dilated cardiomyopathy,dilated cardiomyopathy
DOCK8/STAT3 deficiency,hyper-IgE syndrome
dominant optic atrophy (OPA1),autosomal dominant optic atrophy
dopa-responsive dystonia,dopa-responsive dystonia
Down syndrome-associated Alzheimer disease,Alzheimer disease
Dravet syndrome,Dravet syndrome
Dubin-Johnson syndrome,Dubin-Johnson syndrome
Duchenne muscular dystrophy,Duchenne muscular dystrophy
Dup15q syndrome,Dup15q syndrome
dyskeratosis congenita,dyskeratosis congenita
dyskeratosis congenita / telomere biology disorder,dyskeratosis congenita
early-onset osteoporosis,osteoporosis
early-onset Parkinson disease,Parkinson disease
early-onset sarcoidosis,Blau syndrome
EGPA / idiopathic hypereosinophilic syndrome (pooled),eosinophilic granulomatosis with polyangiitis
Ehlers-Danlos syndrome,Ehlers-Danlos syndrome
Ehlers-Danlos syndrome hypermobility type,Ehlers-Danlos syndrome
Eisenmenger syndrome,Eisenmenger syndrome
Emery-Dreifuss muscular dystrophy,Emery-Dreifuss muscular dystrophy
enlarged vestibular aqueduct,enlarged vestibular aqueduct
eosinophilic esophagitis,eosinophilic esophagitis
eosinophilic fasciitis,eosinophilic fasciitis
eosinophilic gastroenteritis,eosinophilic gastroenteritis
eosinophilic granulomatosis with polyangiitis,eosinophilic granulomatosis with polyangiitis
epidermolysis bullosa acquisita,epidermolysis bullosa acquisita
episodic ataxia type 2,episodic ataxia type 2
Erdheim-Chester disease,Erdheim-Chester disease
erythromelalgia,erythromelalgia
erythropoietic protoporphyria,erythropoietic protoporphyria
essential obesity,essential obesity
essential thrombocythemia,essential thrombocythemia
Evans syndrome,Evans syndrome
Ewing sarcoma,Ewing sarcoma
Fabry disease,Fabry disease
Fabry disease (late-onset cardiac variant),Fabry disease
facioscapulohumeral muscular dystrophy,facioscapulohumeral muscular dystrophy
familial adenomatous polyposis,familial adenomatous polyposis
familial chylomicronemia syndrome,familial chylomicronemia syndrome
familial hemiplegic migraine,hemiplegic migraine
familial hemophagocytic lymphohistiocytosis,hemophagocytic lymphohistiocytosis
familial hypercholesterolemia,familial hypercholesterolemia
familial Mediterranean fever,familial Mediterranean fever
familial partial lipodystrophy,familial partial lipodystrophy
Fanconi anemia,Fanconi anemia
fatal familial insomnia,fatal familial insomnia
fibrodysplasia ossificans progressiva / progressive osseous heteroplasia,fibrodysplasia ossificans progressiva
fibromuscular dysplasia,fibromuscular dysplasia
fibromyalgia,fibromyalgia
fibrotic hypersensitivity pneumonitis,fibrotic hypersensitivity pneumonitis
fibrous dysplasia,fibrous dysplasia
first-episode schizophrenia,schizophrenia
focal cortical dysplasia,focal cortical dysplasia
focal segmental glomerulosclerosis,focal segmental glomerulosclerosis
FOXG1 syndrome,FOXG1 syndrome
fragile X syndrome,fragile X syndrome
fragile X-associated tremor/ataxia syndrome,fragile X-associated tremor/ataxia syndrome
Friedreich ataxia,Friedreich ataxia
frontotemporal dementia,frontotemporal dementia
gastro-oesophageal reflux disease,gastro-oesophageal reflux disease
gastrointestinal stromal tumor,gastrointestinal stromal tumor
GATA2 deficiency,GATA2 deficiency
Gaucher disease,Gaucher disease
Gaucher disease type 1,Gaucher disease
GCK-MODY,maturity-onset diabetes of the young
generalized pustular psoriasis,psoriasis
Gerstmann-Straussler-Scheinker disease,Gerstmann-Straussler-Scheinker disease
giant axonal neuropathy,giant axonal neuropathy
giant cell arteritis,giant cell arteritis
giant cell myocarditis,giant cell myocarditis
Gilbert syndrome,Gilbert syndrome
Gitelman syndrome,Gitelman syndrome
Glanzmann thrombasthenia,Glanzmann thrombasthenia
glioblastoma,glioblastoma
glycogen storage disease type I,glycogen storage disease
glycogen storage disease type III,glycogen storage disease
glycogen storage disease type III/VI/IX,glycogen storage disease
GM1 gangliosidosis,GM1 gangliosidosis
Gorlin syndrome,Gorlin syndrome
granulomatosis with polyangiitis,granulomatosis with polyangiitis
Griscelli syndrome,Griscelli syndrome
growth hormone deficiency,growth hormone deficiency
Guillain-Barre syndrome,Guillain-Barre syndrome
Hailey-Hailey disease,Hailey-Hailey disease
hairy cell leukemia variant,hairy cell leukemia variant
harlequin ichthyosis,autosomal recessive congenital ichthyosis
hemiplegic migraine,hemiplegic migraine
hemophagocytic lymphohistiocytosis,hemophagocytic lymphohistiocytosis
hemophilia A,hemophilia A
Henoch-Schonlein purpura nephritis,IgA vasculitis nephritis
heparin-induced thrombocytopenia,heparin-induced thrombocytopenia
hepatocellular carcinoma,hepatocellular carcinoma
hereditary alpha-tryptasemia,hereditary alpha-tryptasemia
hereditary angioedema,hereditary angioedema
hereditary breast and ovarian cancer,hereditary breast and ovarian cancer
hereditary hemochromatosis,hereditary hemochromatosis
hereditary hemorrhagic telangiectasia,hereditary hemorrhagic telangiectasia
hereditary neuropathy with liability to pressure palsies,hereditary neuropathy with liability to pressure palsies
hereditary nonpolyposis colorectal cancer (Lynch),Lynch syndrome
hereditary spastic paraplegia,hereditary spastic paraplegia
hereditary spastic paraplegia (SPG4),hereditary spastic paraplegia
hereditary spherocytosis,hereditary spherocytosis
hereditary transthyretin amyloid polyneuropathy,amyloidosis
hidradenitis suppurativa,hidradenitis suppurativa
Hirschsprung disease,Hirschsprung disease
homozygous familial hypercholesterolemia,familial hypercholesterolemia
Huntington disease,Huntington disease
Huntington disease-like 2,Huntington disease-like 2
Hutchinson-Gilford progeria syndrome,Hutchinson-Gilford progeria syndrome
hyper-IgE syndrome (STAT3/DOCK8),hyper-IgE syndrome
hyper-IgM syndrome,hyper-IgM syndrome
hypereosinophilic syndrome,hypereosinophilic syndrome
hyperkalemic periodic paralysis,hyperkalemic periodic paralysis
hypermobile EDS / hypermobility spectrum disorder,Ehlers-Danlos syndrome
hypermobile Ehlers-Danlos syndrome,Ehlers-Danlos syndrome
hypermobility spectrum disorder,hypermobility spectrum disorder
hypertrophic cardiomyopathy,hypertrophic cardiomyopathy
hypochondroplasia,hypochondroplasia
hypomelanosis of Ito,hypomelanosis of Ito
hypoparathyroidism,hypoparathyroidism
hypophosphatasia,hypophosphatasia
ichthyosis vulgaris,ichthyosis vulgaris
idiopathic hypersomnia,idiopathic hypersomnia
idiopathic hypokalemic periodic paralysis,idiopathic hypokalemic periodic paralysis
idiopathic intracranial hypertension,idiopathic intracranial hypertension
idiopathic multicentric Castleman disease (IPL subtype),Castleman disease
idiopathic pulmonary arterial hypertension,pulmonary arterial hypertension
idiopathic pulmonary fibrosis,idiopathic pulmonary fibrosis
idiopathic pulmonary hemosiderosis,idiopathic pulmonary hemosiderosis
idiopathic relapsing polychondritis,relapsing polychondritis
idiopathic retroperitoneal fibrosis,idiopathic retroperitoneal fibrosis
IgA nephropathy,IgA nephropathy
IgA vasculitis nephritis,IgA vasculitis nephritis
IgA vasculitis nephritis (HSPN),IgA vasculitis nephritis
IgG4-related disease,IgG4-related disease
IgG4-related ophthalmic disease,IgG4-related disease
IgG4-related sclerosing cholangitis,IgG4-related disease
IgM MGUS,MGUS
IgM multiple myeloma,multiple myeloma
immune thrombocytopenia,immune thrombocytopenia
inclusion body myositis,inclusion body myositis
incontinentia pigmenti,incontinentia pigmenti
infantile neuronal ceroid lipofuscinosis,neuronal ceroid lipofuscinosis
intestinal Behcet disease,Behcet disease
intracranial atherosclerotic disease,intracranial atherosclerotic disease
IPEX syndrome,IPEX syndrome
Joubert syndrome,Joubert syndrome
juvenile idiopathic arthritis,juvenile idiopathic arthritis
juvenile polyposis syndrome,juvenile polyposis syndrome
Kabuki syndrome,Kabuki syndrome
Kallmann syndrome,Kallmann syndrome
Kawasaki disease,Kawasaki disease
Kearns-Sayre syndrome,Kearns-Sayre syndrome
Kikuchi-Fujimoto disease,Kikuchi-Fujimoto disease
Kimura disease,Kimura disease
Kleine-Levin syndrome,Kleine-Levin syndrome
Klinefelter syndrome,Klinefelter syndrome
Krabbe disease,Krabbe disease
Lafora disease,Lafora disease
Lambert-Eaton myasthenic syndrome,Lambert-Eaton myasthenic syndrome
lamellar ichthyosis,autosomal recessive congenital ichthyosis
Langerhans cell histiocytosis,Langerhans cell histiocytosis
Langerhans cell histiocytosis (adult),Langerhans cell histiocytosis
Laron syndrome,Laron syndrome
late-onset Pompe disease,Pompe disease
late-onset Sandhoff disease,Sandhoff disease
late-onset Stargardt disease,Stargardt disease
late-onset Tay-Sachs disease,Tay-Sachs disease
LCAT deficiency,LCAT deficiency
Leber congenital amaurosis,Leber congenital amaurosis
Leber hereditary optic neuropathy,Leber hereditary optic neuropathy
left ventricular noncompaction,left ventricular noncompaction
left ventricular noncompaction (dilated),left ventricular noncompaction
Legius syndrome,Legius syndrome
Leigh syndrome,Leigh syndrome
leiomyosarcoma,leiomyosarcoma
Lennox-Gastaut syndrome,Lennox-Gastaut syndrome
Li-Fraumeni syndrome,Li-Fraumeni syndrome
lichen sclerosus,lichen sclerosus
Liddle syndrome,Liddle syndrome
light chain deposition disease,light chain deposition disease
limb-girdle muscular dystrophy,limb-girdle muscular dystrophy
linear IgA bullous dermatosis,linear IgA bullous dermatosis
Loeys-Dietz syndrome,Loeys-Dietz syndrome
Loeys-Dietz syndrome type 4,Loeys-Dietz syndrome
logopenic primary progressive aphasia,logopenic primary progressive aphasia
long COVID,long COVID
long QT syndrome,long QT syndrome
long QT syndrome type 1,long QT syndrome
long QT syndrome type 3,long QT syndrome
Lowe syndrome,Lowe syndrome
lung adenocarcinoma,lung adenocarcinoma
lupus nephritis,lupus nephritis
lymphangioleiomyomatosis,lymphangioleiomyomatosis
lymphocytic interstitial pneumonia,lymphocytic interstitial pneumonia
Lynch syndrome,Lynch syndrome
Machado-Joseph disease (SCA3),spinocerebellar ataxia
macrophage activation syndrome,macrophage activation syndrome
mandibuloacral dysplasia,mandibuloacral dysplasia
maple syrup urine disease,maple syrup urine disease
Marfan syndrome,Marfan syndrome
maturity-onset diabetes of the young,maturity-onset diabetes of the young
MCAD deficiency,MCAD deficiency
McLeod syndrome,McLeod syndrome
ME/CFS,ME/CFS
Meckel-Gruber syndrome,Meckel-Gruber syndrome
MECP2 duplication syndrome,MECP2 duplication syndrome
medulloblastoma,medulloblastoma
MELAS,MELAS
membranous nephropathy,membranous nephropathy
Menkes disease,Menkes disease
Merkel cell carcinoma,Merkel cell carcinoma
MERRF,MERRF
mesothelioma,mesothelioma
metabolic dysfunction-associated steatotic liver disease,metabolic dysfunction-associated steatotic liver disease
metachromatic leukodystrophy,metachromatic leukodystrophy
mevalonate kinase deficiency,mevalonate kinase deficiency
MGUS,MGUS
migraine,migraine
migraine with aura,migraine with aura
migraine with typical aura,migraine with aura
minimal change disease,minimal change disease
mixed connective tissue disease,mixed connective tissue disease
MOG antibody-associated disease,MOG antibody-associated disease
morphea,morphea
Morvan syndrome,Morvan syndrome
motor neuron disease,amyotrophic lateral sclerosis
Mowat-Wilson syndrome,Mowat-Wilson syndrome
moyamoya disease,moyamoya disease
mucolipidosis type II,mucolipidosis type II
mucopolysaccharidosis,mucopolysaccharidosis
mucopolysaccharidosis type I,mucopolysaccharidosis
mucopolysaccharidosis type II,mucopolysaccharidosis
mucopolysaccharidosis type III,mucopolysaccharidosis
multifactorial chylomicronemia syndrome,multifactorial chylomicronemia syndrome
multifocal motor neuropathy,multifocal motor neuropathy
multiple endocrine neoplasia type 1,multiple endocrine neoplasia
multiple endocrine neoplasia type 2,multiple endocrine neoplasia
multiple epiphyseal dysplasia,multiple epiphyseal dysplasia
multiple hereditary infundibulocystic basal cell carcinoma,multiple hereditary infundibulocystic basal cell carcinoma
multiple myeloma,multiple myeloma
multiple sclerosis,multiple sclerosis
multiple system atrophy,multiple system atrophy
multisystem inflammatory syndrome in children (MIS-C),multisystem inflammatory syndrome in children (MIS-C)
myasthenia gravis,myasthenia gravis
mycosis fungoides,mycosis fungoides
myelodysplastic syndrome,myelodysplastic syndrome
Myhre syndrome,Myhre syndrome
myotonia congenita,myotonia congenita
myotonic dystrophy,myotonic dystrophy
myotonic dystrophy type 1,myotonic dystrophy
myotonic dystrophy type 2,myotonic dystrophy
myotubular myopathy,centronuclear myopathy
narcolepsy,narcolepsy
narcolepsy type 1,narcolepsy
narcolepsy with cataplexy,narcolepsy
nemaline myopathy,nemaline myopathy
neonatal diabetes,neonatal diabetes
nephrogenic diabetes insipidus,diabetes insipidus
nephrogenic systemic fibrosis,nephrogenic systemic fibrosis
nephronophthisis,nephronophthisis
Netherton syndrome,Netherton syndrome
neuroblastoma,neuroblastoma
neurofibromatosis type 1,neurofibromatosis
neurofibromatosis type 2,neurofibromatosis
neuromyelitis optica spectrum disorder,neuromyelitis optica spectrum disorder
neuronal ceroid lipofuscinosis,neuronal ceroid lipofuscinosis
neuronal intranuclear inclusion disease,neuronal intranuclear inclusion disease
neurosarcoidosis,neurosarcoidosis
neurosyphilis,neurosyphilis
Nicolaides-Baraitser syndrome,Nicolaides-Baraitser syndrome
Niemann-Pick disease type C,Niemann-Pick disease type C
Nijmegen breakage syndrome,Nijmegen breakage syndrome
non-alcoholic fatty liver disease,metabolic dysfunction-associated steatotic liver disease
non-hereditary heterotopic ossification,non-hereditary heterotopic ossification
noncompaction cardiomyopathy,left ventricular noncompaction
Noonan syndrome,Noonan syndrome
Noonan syndrome with multiple lentigines,Noonan syndrome
normosmic idiopathic hypogonadotropic hypogonadism,congenital hypogonadotropic hypogonadism
nutritional rickets,nutritional rickets
O'Donnell-Luria-Rodan syndrome,O'Donnell-Luria-Rodan syndrome
oculopharyngeal muscular dystrophy,oculopharyngeal muscular dystrophy
osteoarthritis,osteoarthritis
osteogenesis imperfecta,osteogenesis imperfecta
osteogenesis imperfecta (mild adult),osteogenesis imperfecta
osteosarcoma,osteosarcoma
otosclerosis,otosclerosis
paediatric multiple sclerosis,multiple sclerosis
paediatric-onset multiple sclerosis,multiple sclerosis
Paget disease of bone,Paget disease of bone
pancreatic ductal adenocarcinoma,pancreatic ductal adenocarcinoma
pancreatic neuroendocrine tumor,pancreatic neuroendocrine tumor
PAPA syndrome,PAPA syndrome
papillary thyroid carcinoma,papillary thyroid carcinoma
paramyotonia congenita,paramyotonia congenita
Parkinson disease,Parkinson disease
paroxysmal nocturnal hemoglobinuria,paroxysmal nocturnal hemoglobinuria
Pearson syndrome,Pearson syndrome
Pelizaeus-Merzbacher disease,Pelizaeus-Merzbacher disease
pemphigus vulgaris,pemphigus vulgaris
Pendred syndrome,Pendred syndrome
Perlman syndrome,Perlman syndrome
persistent fetal vasculature,persistent fetal vasculature
Peutz-Jeghers syndrome,Peutz-Jeghers syndrome
PFAPA syndrome,PFAPA syndrome
Phelan-McDermid syndrome,Phelan-McDermid syndrome
phenylketonuria,phenylketonuria
pheochromocytoma,pheochromocytoma
Pitt-Hopkins syndrome,Pitt-Hopkins syndrome
plaque psoriasis,psoriasis
plasma-cell-type idiopathic multicentric Castleman disease,Castleman disease
POEMS syndrome,POEMS syndrome
polyarteritis nodosa,polyarteritis nodosa
polycystic ovary syndrome,polycystic ovary syndrome
polycythemia vera,polycythemia vera
polymyalgia rheumatica,polymyalgia rheumatica
polymyositis,polymyositis
Pompe disease,Pompe disease
porphyria cutanea tarda,porphyria cutanea tarda
postmenopausal osteoporosis,osteoporosis
Potocki-Lupski syndrome,Potocki-Lupski syndrome
Prader-Willi syndrome,Prader-Willi syndrome
primary aldosteronism,primary aldosteronism
primary angiitis of the CNS,primary angiitis of the CNS
primary biliary cholangitis,primary biliary cholangitis
primary ciliary dyskinesia,primary ciliary dyskinesia
primary CNS lymphoma,primary CNS lymphoma
primary intestinal lymphoma,primary intestinal lymphoma
primary lateral sclerosis,primary lateral sclerosis
primary myelofibrosis,primary myelofibrosis
primary polydipsia,primary polydipsia
primary progressive aphasia (AD pathology),Alzheimer disease
primary sclerosing cholangitis,primary sclerosing cholangitis
progressive familial intrahepatic cholestasis,progressive familial intrahepatic cholestasis
progressive multifocal leukoencephalopathy,progressive multifocal leukoencephalopathy
progressive supranuclear palsy,progressive supranuclear palsy
pseudo-Bartter syndrome,pseudo-Bartter syndrome
pseudo-Cushing state,pseudo-Cushing syndrome
pseudo-Cushing syndrome,pseudo-Cushing syndrome
pseudoachondroplasia,pseudoachondroplasia
pseudohypoparathyroidism,pseudohypoparathyroidism
psoriasis,psoriasis
psoriasis vulgaris,psoriasis
PTEN hamartoma tumor syndrome,PTEN hamartoma tumor syndrome
pulmonary alveolar proteinosis,pulmonary alveolar proteinosis
pulmonary arterial hypertension,pulmonary arterial hypertension
pulmonary Langerhans cell histiocytosis,Langerhans cell histiocytosis
pulmonary veno-occlusive disease,pulmonary veno-occlusive disease
pyoderma gangrenosum,pyoderma gangrenosum
pyruvate kinase deficiency,pyruvate kinase deficiency
Rasmussen encephalitis,Rasmussen encephalitis
Refsum disease,Refsum disease
relapsing polychondritis,relapsing polychondritis
retinitis pigmentosa,retinitis pigmentosa
retinitis pigmentosa (USH2A non-syndromic),retinitis pigmentosa
retinoblastoma,retinoblastoma
Rett syndrome,Rett syndrome
rheumatoid arthritis,rheumatoid arthritis
Rosai-Dorfman disease,Rosai-Dorfman disease
Rothmund-Thomson syndrome,Rothmund-Thomson syndrome
Rotor syndrome,Rotor syndrome
Rubinstein-Taybi syndrome,Rubinstein-Taybi syndrome
sarcoidosis,sarcoidosis
schizophrenia,schizophrenia
schizophrenia spectrum disorders,schizophrenia
Schnitzler syndrome,Schnitzler syndrome
schwannomatosis,schwannomatosis
scleromyxedema,scleromyxedema
secondary hemophagocytic lymphohistiocytosis,hemophagocytic lymphohistiocytosis
sepsis,sepsis
seronegative rheumatoid arthritis,rheumatoid arthritis
severe asthma,asthma
severe atopic dermatitis,atopic dermatitis
Shprintzen-Goldberg syndrome,Shprintzen-Goldberg syndrome
Shwachman-Diamond syndrome,Shwachman-Diamond syndrome
sickle cell anemia,sickle cell disease
sickle cell disease,sickle cell disease
Silver-Russell syndrome,Silver-Russell syndrome
Simpson-Golabi-Behmel syndrome,Simpson-Golabi-Behmel syndrome
sinusoidal obstruction syndrome,sinusoidal obstruction syndrome
sitosterolemia,sitosterolemia
Sjogren syndrome,Sjogren syndrome
SMAD4 juvenile polyposis-HHT,SMAD4 juvenile polyposis-HHT
small cell lung cancer,small cell lung cancer
small fiber neuropathy,small fiber neuropathy
Smith-Lemli-Opitz syndrome,Smith-Lemli-Opitz syndrome
Smith-Magenis syndrome,Smith-Magenis syndrome
smoldering multiple myeloma,smoldering multiple myeloma
Sotos syndrome,Sotos syndrome
spinal and bulbar muscular atrophy,spinal and bulbar muscular atrophy
spinal muscular atrophy,spinal muscular atrophy
spinal muscular atrophy (adult),spinal muscular atrophy
spinocerebellar ataxia type 17,spinocerebellar ataxia
spinocerebellar ataxia type 2,spinocerebellar ataxia
spinocerebellar ataxia type 3,spinocerebellar ataxia
spinocerebellar ataxia type 6,spinocerebellar ataxia
splenic marginal zone lymphoma,splenic marginal zone lymphoma
spontaneous coronary artery dissection,spontaneous coronary artery dissection
spontaneous intracranial hypotension,spontaneous intracranial hypotension
sporadic/familial hemiplegic migraine,hemiplegic migraine
Stargardt disease,Stargardt disease
Stickler syndrome,Stickler syndrome
Still disease,Still disease
subacute sclerosing panencephalitis,subacute sclerosing panencephalitis
sudden infant death syndrome,sudden infant death syndrome
superficial siderosis,superficial siderosis
Susac syndrome,Susac syndrome
sympathetic ophthalmia,sympathetic ophthalmia
syringomyelia,syringomyelia
systemic juvenile idiopathic arthritis,Still disease
systemic lupus erythematosus,systemic lupus erythematosus
systemic lupus erythematosus (familial chilblain lupus),systemic lupus erythematosus
systemic mastocytosis,systemic mastocytosis
systemic sclerosis,systemic sclerosis
systemic sclerosis-associated ILD,systemic sclerosis
T2-eosinophilic asthma,asthma
Takayasu arteritis,Takayasu arteritis
Takotsubo syndrome,Takotsubo syndrome
Tangier disease,Tangier disease
Tay-Sachs disease,Tay-Sachs disease
thalassemia,thalassemia
thanatophoric dysplasia,thanatophoric dysplasia
thin basement membrane nephropathy,thin basement membrane nephropathy
thrombotic thrombocytopenic purpura,thrombotic thrombocytopenic purpura
thyrotoxic periodic paralysis,thyrotoxic periodic paralysis
transthyretin cardiac amyloidosis,amyloidosis
transthyretin cardiac amyloidosis (wild-type),amyloidosis
TRAPS,TRAPS
trichothiodystrophy,trichothiodystrophy
trisomy 13,trisomy 13
trisomy 18,trisomy 18
tuberculosis,tuberculosis
tuberous sclerosis complex,tuberous sclerosis complex
Turner syndrome,Turner syndrome
type 1 diabetes,diabetes mellitus
type 2 diabetes,diabetes mellitus
type 2 diabetes / metabolic syndrome,diabetes mellitus
tyrosinemia type 1,tyrosinemia type 1
Ullrich congenital muscular dystrophy,Ullrich congenital muscular dystrophy
Unverricht-Lundborg disease,Unverricht-Lundborg disease
Usher syndrome,Usher syndrome
Usher syndrome type 2,Usher syndrome
Usher syndrome type 2A,Usher syndrome
uveal melanoma,uveal melanoma
vaccine-induced immune thrombotic thrombocytopenia,vaccine-induced immune thrombotic thrombocytopenia
vanishing white matter disease,vanishing white matter disease
vascular Ehlers-Danlos syndrome,Ehlers-Danlos syndrome
VEXAS syndrome,VEXAS syndrome
Vogt-Koyanagi-Harada disease,Vogt-Koyanagi-Harada disease
von Hippel-Lindau disease,von Hippel-Lindau disease
von Willebrand disease,von Willebrand disease
von Willebrand disease type 2N,von Willebrand disease
Waardenburg syndrome,Waardenburg syndrome
WAGR syndrome,WAGR syndrome
Waldenstrom macroglobulinemia,Waldenstrom macroglobulinemia
Weaver syndrome,Weaver syndrome
Werner syndrome,Werner syndrome
West syndrome,West syndrome
Whipple disease,Whipple disease
Wiedemann-Steiner syndrome,Wiedemann-Steiner syndrome
wild-type transthyretin amyloidosis,amyloidosis
Williams syndrome,Williams syndrome
Wilms tumor,Wilms tumor
Wilson disease,Wilson disease
Wiskott-Aldrich syndrome,Wiskott-Aldrich syndrome
Wolfram syndrome,Wolfram syndrome
X-linked adrenoleukodystrophy,X-linked adrenoleukodystrophy
X-linked agammaglobulinemia,X-linked agammaglobulinemia
X-linked cerebral adrenoleukodystrophy,X-linked adrenoleukodystrophy
X-linked hypophosphatemia,X-linked hypophosphatemia
X-linked lymphoproliferative disease,X-linked lymphoproliferative disease
xeroderma pigmentosum,xeroderma pigmentosum
Zellweger spectrum disorder,Zellweger spectrum disorder
