name_in_papers,canonical_name,orpha_id,orpha_mapping_status
16p11.2 deletion,16p11.2 deletion,ORPHA:261197,feature_manual
16p11.2 duplication,16p11.2 duplication,ORPHA:370079,feature_feature_alias
1p36 deletion syndrome,1p36 deletion syndrome,ORPHA:1606,feature_exact
22q11.2 deletion syndrome,22q11.2 deletion syndrome,ORPHA:567,feature_exact
2q23.1 microdeletion syndrome,2q23.1 microdeletion syndrome,ORPHA:228402,feature_exact
"47,XYY syndrome","47,XYY syndrome",ORPHA:8,feature_exact
5q- myelodysplastic syndrome,5q- myelodysplastic syndrome,ORPHA:86841,feature_manual
5q11.2 microdeletion syndrome,5q11.2 microdeletion syndrome,,not_found
7q11.23 duplication syndrome,7q11.23 duplication syndrome,ORPHA:96121,feature_feature_alias
ACE-inhibitor-induced angioedema,ACE-inhibitor-induced angioedema,,not_found
ACE-inhibitor/ARB-induced angioedema,ACE-inhibitor-induced angioedema,,not_found
achalasia,achalasia,ORPHA:930,feature_manual
achondroplasia,achondroplasia,ORPHA:15,feature_exact
achromatopsia,achromatopsia,ORPHA:49382,feature_exact
acid sphingomyelinase deficiency,acid sphingomyelinase deficiency,ORPHA:618899,catalog_only_exact
acromegaly,acromegaly,ORPHA:963,feature_exact
acute disseminated encephalomyelitis,acute disseminated encephalomyelitis,ORPHA:83597,feature_exact
acute intermittent porphyria,acute intermittent porphyria,ORPHA:79276,feature_exact
acute ischemic stroke,acute ischemic stroke,,not_found
acute myocardial infarction,acute myocardial infarction,,not_found
ADNP syndrome,ADNP syndrome,ORPHA:404448,feature_exact
adrenocortical adenoma,adrenocortical adenoma,ORPHA:99888,catalog_only_exact
adrenocortical carcinoma,adrenocortical carcinoma,ORPHA:1501,feature_exact
adult-onset Still disease,Still disease,ORPHA:829,feature_exact
adult-onset vitelliform macular dystrophy,adult-onset vitelliform macular dystrophy,ORPHA:99000,feature_exact
age-related macular degeneration,age-related macular degeneration,ORPHA:279,catalog_only_exact
Aicardi-Goutieres syndrome,Aicardi-Goutieres syndrome,ORPHA:51,feature_exact
AL amyloidosis,amyloidosis,ORPHA:85443,feature_exact
AL cardiac amyloidosis,amyloidosis,ORPHA:85443,feature_manual
Alagille syndrome,Alagille syndrome,ORPHA:52,feature_exact
Alexander disease,Alexander disease,ORPHA:58,feature_exact
alkaptonuria,alkaptonuria,ORPHA:56,feature_exact
allergic bronchopulmonary aspergillosis,allergic bronchopulmonary aspergillosis,ORPHA:1164,feature_exact
alpha-1 antitrypsin deficiency,alpha-1 antitrypsin deficiency,ORPHA:60,feature_exact
alpha-1 antitrypsin deficiency (PI*ZZ),alpha-1 antitrypsin deficiency,ORPHA:60,feature_exact_canonical_fallback
Alport syndrome,Alport syndrome,ORPHA:63,feature_exact
Alport syndrome (X-linked),Alport syndrome,ORPHA:88917,feature_manual
Alstrom syndrome,Alstrom syndrome,ORPHA:64,feature_exact
Alzheimer disease,Alzheimer disease,ORPHA:238616,catalog_only_exact
amnestic Alzheimer dementia,Alzheimer disease,ORPHA:238616,catalog_only_exact_canonical_fallback
amyloidosis,amyloidosis,ORPHA:69,catalog_only_exact
amyotrophic lateral sclerosis,amyotrophic lateral sclerosis,ORPHA:803,feature_exact
amyotrophic lateral sclerosis (LMN-dominant),amyotrophic lateral sclerosis,ORPHA:803,feature_exact_canonical_fallback
anaplastic thyroid carcinoma,anaplastic thyroid carcinoma,ORPHA:142,feature_exact
ANCA-associated vasculitis,ANCA-associated vasculitis,ORPHA:156152,catalog_only_exact
ANCA-negative eosinophilic granulomatosis with polyangiitis,eosinophilic granulomatosis with polyangiitis,ORPHA:183,feature_manual
Andersen-Tawil syndrome,Andersen-Tawil syndrome,ORPHA:37553,feature_exact
Angelman syndrome,Angelman syndrome,ORPHA:72,feature_exact
aniridia,aniridia,ORPHA:98557;ORPHA:250923,ambiguous_mixed_manual
anti-GBM disease,anti-GBM disease,ORPHA:375,feature_manual
anti-NMDA receptor encephalitis,anti-NMDA receptor encephalitis,ORPHA:217253,feature_exact
antisynthetase syndrome,antisynthetase syndrome,ORPHA:81,feature_exact
APECED,APECED,ORPHA:3453,feature_manual
aplastic anemia,aplastic anemia,ORPHA:88,feature_manual
apolipoprotein A-I deficiency,apolipoprotein A-I deficiency,ORPHA:425,feature_exact
aquaporin-4+ neuromyelitis optica spectrum disorder,neuromyelitis optica spectrum disorder,ORPHA:71211,feature_manual
arrhythmogenic right ventricular cardiomyopathy,arrhythmogenic right ventricular cardiomyopathy,ORPHA:293910,feature_manual
asthma,asthma,,not_found
ataxia with vitamin E deficiency,ataxia with vitamin E deficiency,ORPHA:96,feature_exact
ataxia-telangiectasia,ataxia-telangiectasia,ORPHA:100,feature_exact
atherosclerosis,atherosclerosis,,not_found
atopic dermatitis,atopic dermatitis,,not_found
attenuated familial adenomatous polyposis,familial adenomatous polyposis,ORPHA:220460,feature_exact
atypical hemolytic uremic syndrome,atypical hemolytic uremic syndrome,ORPHA:2134,feature_exact
atypical teratoid rhabdoid tumor,atypical teratoid rhabdoid tumor,ORPHA:99966,feature_manual
autism spectrum disorder,autism spectrum disorder,ORPHA:106,catalog_only_mondo
autism spectrum disorder (idiopathic),autism spectrum disorder,ORPHA:106,catalog_only_mondo_canonical_fallback
autoimmune encephalitis,autoimmune encephalitis,ORPHA:622014,catalog_only_exact
autoimmune enteropathy,autoimmune enteropathy,ORPHA:94075,catalog_only_exact
autoimmune hepatitis,autoimmune hepatitis,ORPHA:2137,feature_exact
autoimmune lymphoproliferative syndrome,autoimmune lymphoproliferative syndrome,ORPHA:3261,feature_exact
autoimmune pancreatitis,autoimmune pancreatitis,ORPHA:103919,catalog_only_exact
autosomal dominant Alzheimer disease,Alzheimer disease,ORPHA:238616,catalog_only_exact_canonical_fallback
autosomal dominant optic atrophy,autosomal dominant optic atrophy,ORPHA:98672,catalog_only_exact
autosomal dominant polycystic kidney disease,autosomal dominant polycystic kidney disease,ORPHA:730,feature_exact
autosomal recessive polycystic kidney disease,autosomal recessive polycystic kidney disease,ORPHA:731,feature_exact
Bannayan-Riley-Ruvalcaba syndrome,PTEN hamartoma tumor syndrome,ORPHA:109,feature_exact
Bardet-Biedl syndrome,Bardet-Biedl syndrome,ORPHA:110,feature_exact
Barth syndrome,Barth syndrome,ORPHA:111,feature_exact
Bartter syndrome,Bartter syndrome,ORPHA:112,feature_exact
Becker muscular dystrophy,Becker muscular dystrophy,ORPHA:98895,feature_exact
Beckwith-Wiedemann syndrome,Beckwith-Wiedemann syndrome,ORPHA:116,feature_exact
behavioural variant frontotemporal dementia,behavioural variant frontotemporal dementia,ORPHA:275864,feature_manual
Behcet disease,Behcet disease,ORPHA:117,feature_exact
benign hereditary chorea,benign hereditary chorea,ORPHA:1429,feature_exact
Bernard-Soulier syndrome,Bernard-Soulier syndrome,ORPHA:274,feature_exact
Best vitelliform macular dystrophy,Best vitelliform macular dystrophy,ORPHA:1243,feature_exact
beta-thalassemia major,thalassemia,ORPHA:231214,feature_exact
Bethlem myopathy,Bethlem myopathy,ORPHA:610,feature_exact
biliary atresia,biliary atresia,ORPHA:30391;ORPHA:498350,ambiguous_mixed_manual
birdshot chorioretinopathy,birdshot chorioretinopathy,ORPHA:179,feature_exact
Birt-Hogg-Dube syndrome,Birt-Hogg-Dube syndrome,ORPHA:122,feature_exact
Blau syndrome,Blau syndrome,ORPHA:90340,feature_exact
Bloom syndrome,Bloom syndrome,ORPHA:125,feature_exact
Brugada syndrome,Brugada syndrome,ORPHA:130,feature_exact
Budd-Chiari syndrome,Budd-Chiari syndrome,ORPHA:131,feature_exact
bullous pemphigoid,bullous pemphigoid,ORPHA:703,feature_exact
Burkitt lymphoma,Burkitt lymphoma,ORPHA:543,feature_exact
C3 glomerulopathy,C3 glomerulopathy,ORPHA:329918,feature_exact
CADASIL,CADASIL,ORPHA:136,feature_exact
Canavan disease,Canavan disease,ORPHA:141,feature_exact
CANVAS,CANVAS,ORPHA:504476,feature_exact
cardiac amyloidosis,amyloidosis,ORPHA:69,catalog_only_manual
cardiac sarcoidosis,cardiac sarcoidosis,ORPHA:797,feature_manual
cardiofaciocutaneous syndrome,cardiofaciocutaneous syndrome,ORPHA:1340,feature_exact
cardiovascular ageing / atherosclerosis,atherosclerosis,,not_found
Castleman disease,Castleman disease,ORPHA:160,feature_exact
catastrophic antiphospholipid syndrome,catastrophic antiphospholipid syndrome,ORPHA:464343,feature_exact
catecholaminergic polymorphic ventricular tachycardia,catecholaminergic polymorphic ventricular tachycardia,ORPHA:3286,feature_exact
CDKL5 deficiency disorder,CDKL5 deficiency disorder,ORPHA:505652,feature_exact
celiac disease,celiac disease,ORPHA:555,catalog_only_exact
central core disease,central core disease,ORPHA:597,feature_exact
central diabetes insipidus,diabetes insipidus,ORPHA:178029,feature_manual
centronuclear myopathy,centronuclear myopathy,ORPHA:595,catalog_only_exact
cerebral palsy,cerebral palsy,,not_found
cerebrotendinous xanthomatosis,cerebrotendinous xanthomatosis,ORPHA:909,feature_exact
Charcot-Marie-Tooth disease,Charcot-Marie-Tooth disease,ORPHA:166,catalog_only_manual
Charcot-Marie-Tooth type 1A,Charcot-Marie-Tooth disease,ORPHA:101081,feature_manual
CHARGE syndrome,CHARGE syndrome,ORPHA:138,feature_exact
Chediak-Higashi syndrome,Chediak-Higashi syndrome,ORPHA:167,feature_exact
Chiari I malformation,Chiari I malformation,ORPHA:268882,catalog_only_manual
cholangiocarcinoma,cholangiocarcinoma,ORPHA:70567,feature_exact
chondrosarcoma,chondrosarcoma,ORPHA:55880,feature_exact
chordoma,chordoma,ORPHA:178,feature_exact
chorea-acanthocytosis,chorea-acanthocytosis,ORPHA:2388,feature_exact
choroideremia,choroideremia,ORPHA:180,feature_exact
Christianson syndrome,Christianson syndrome,ORPHA:85278,feature_exact
chronic beryllium disease,chronic beryllium disease,ORPHA:133,feature_exact
chronic granulomatous disease,chronic granulomatous disease,ORPHA:379,feature_exact
chronic inflammatory demyelinating polyneuropathy,chronic inflammatory demyelinating polyneuropathy,ORPHA:2932,feature_exact
chronic intestinal pseudo-obstruction,chronic intestinal pseudo-obstruction,ORPHA:2978,feature_feature_alias
chronic myeloid leukemia,chronic myeloid leukemia,ORPHA:521,feature_exact
chronic progressive external ophthalmoplegia,chronic progressive external ophthalmoplegia,ORPHA:520820,catalog_only_manual
chronic thromboembolic pulmonary hypertension,chronic thromboembolic pulmonary hypertension,ORPHA:70591,feature_exact
classical homocystinuria,classical homocystinuria,ORPHA:394,feature_exact
Coats disease,Coats disease,ORPHA:190,feature_exact
Cockayne syndrome,Cockayne syndrome,ORPHA:191,feature_exact
Coffin-Siris syndrome,Coffin-Siris syndrome,ORPHA:1465,feature_exact
common variable immunodeficiency,common variable immunodeficiency,ORPHA:696851,catalog_only_manual
cone dystrophy,cone dystrophy,ORPHA:1871,feature_exact
congenital adrenal hyperplasia,congenital adrenal hyperplasia,ORPHA:418,catalog_only_exact
congenital central hypoventilation syndrome,congenital central hypoventilation syndrome,ORPHA:661,feature_exact
congenital dyserythropoietic anemia,congenital dyserythropoietic anemia,ORPHA:85,catalog_only_exact
congenital hyperinsulinism,congenital hyperinsulinism,ORPHA:657,catalog_only_manual
congenital hypogonadotropic hypogonadism,congenital hypogonadotropic hypogonadism,ORPHA:174590,catalog_only_exact
congenital hypomyelinating neuropathy,congenital hypomyelinating neuropathy,ORPHA:99951,feature_manual
congenital lipodystrophy,congenital lipodystrophy,ORPHA:528,feature_manual
congenital myasthenic syndrome,congenital myasthenic syndrome,ORPHA:590,feature_exact
congenital myopathy,congenital myopathy,ORPHA:97245,catalog_only_exact
constitutional delay of growth and puberty,constitutional delay of growth and puberty,,not_found
COPD,COPD,,not_found
COPD (non-AATD),COPD,,not_found
COPD (PI*MM),COPD,,not_found
Cornelia de Lange syndrome,Cornelia de Lange syndrome,ORPHA:199,feature_exact
corticobasal syndrome,corticobasal syndrome,ORPHA:454887,feature_exact
Costello syndrome,Costello syndrome,ORPHA:3071,feature_exact
Cowden syndrome,PTEN hamartoma tumor syndrome,ORPHA:201,feature_exact
Creutzfeldt-Jakob disease,Creutzfeldt-Jakob disease,ORPHA:204;ORPHA:282166;ORPHA:454700,ambiguous_mixed_manual
cri du chat syndrome,cri du chat syndrome,ORPHA:281,feature_exact
Crigler-Najjar syndrome,Crigler-Najjar syndrome,ORPHA:205,feature_exact
Crohn disease,Crohn disease,ORPHA:206,catalog_only_exact
cryoglobulinemic vasculitis,cryoglobulinemic vasculitis,ORPHA:91138,feature_exact
cryopyrin-associated periodic syndrome,cryopyrin-associated periodic syndrome,ORPHA:208650,catalog_only_exact
Cushing disease,Cushing disease,ORPHA:96253,feature_exact
cutaneous melanoma,cutaneous melanoma,,not_found
cutis laxa,cutis laxa,ORPHA:209,catalog_only_exact
cystic fibrosis,cystic fibrosis,ORPHA:586,feature_exact
Danon disease,Danon disease,ORPHA:34587,feature_exact
Darier disease,Darier disease,ORPHA:218,feature_exact
deficiency of adenosine deaminase 2,deficiency of adenosine deaminase 2,ORPHA:404553,feature_exact
dementia with Lewy bodies,dementia with Lewy bodies,ORPHA:1648,catalog_only_mondo
demyelinating Charcot-Marie-Tooth disease,Charcot-Marie-Tooth disease,ORPHA:166,catalog_only_manual_canonical_fallback
Dent disease 2,Dent disease,ORPHA:1652,feature_feature_alias
dermatitis herpetiformis,dermatitis herpetiformis,ORPHA:1656,feature_exact
dermatomyositis,dermatomyositis,ORPHA:221,feature_exact
desmoid tumor,desmoid tumor,ORPHA:873,feature_exact
Diamond-Blackfan anemia,Diamond-Blackfan anemia,ORPHA:124,feature_exact
diffuse large B-cell lymphoma,diffuse large B-cell lymphoma,ORPHA:544,catalog_only_exact
diffuse midline glioma,diffuse midline glioma,ORPHA:723358,feature_manual
dilated cardiomyopathy,dilated cardiomyopathy,ORPHA:217604,catalog_only_exact
DOCK8/STAT3 deficiency,hyper-IgE syndrome,ORPHA:331223,catalog_only_exact_canonical_fallback
dominant optic atrophy (OPA1),autosomal dominant optic atrophy,ORPHA:98672,catalog_only_manual
dopa-responsive dystonia,dopa-responsive dystonia,ORPHA:255,catalog_only_exact
Down syndrome-associated Alzheimer disease,Alzheimer disease,ORPHA:238616,catalog_only_exact_canonical_fallback
Dravet syndrome,Dravet syndrome,ORPHA:33069,feature_exact
Dubin-Johnson syndrome,Dubin-Johnson syndrome,ORPHA:234,feature_exact
Duchenne muscular dystrophy,Duchenne muscular dystrophy,ORPHA:98896,feature_exact
Dup15q syndrome,Dup15q syndrome,ORPHA:3306;ORPHA:238446,ambiguous_feature_manual
dyskeratosis congenita,dyskeratosis congenita,ORPHA:1775,feature_exact
dyskeratosis congenita / telomere biology disorder,dyskeratosis congenita,ORPHA:1775,feature_manual
early-onset osteoporosis,osteoporosis,,not_found
early-onset Parkinson disease,Parkinson disease,ORPHA:2828,feature_exact
early-onset sarcoidosis,Blau syndrome,ORPHA:90341,catalog_only_exact
EGPA / idiopathic hypereosinophilic syndrome (pooled),eosinophilic granulomatosis with polyangiitis,ORPHA:183,feature_exact_canonical_fallback
Ehlers-Danlos syndrome,Ehlers-Danlos syndrome,ORPHA:98249,catalog_only_exact
Ehlers-Danlos syndrome hypermobility type,Ehlers-Danlos syndrome,ORPHA:285,feature_exact
Eisenmenger syndrome,Eisenmenger syndrome,ORPHA:97214,feature_exact
Emery-Dreifuss muscular dystrophy,Emery-Dreifuss muscular dystrophy,ORPHA:261,feature_exact
enlarged vestibular aqueduct,enlarged vestibular aqueduct,,not_found
eosinophilic esophagitis,eosinophilic esophagitis,ORPHA:73247,catalog_only_exact
eosinophilic fasciitis,eosinophilic fasciitis,ORPHA:3165,feature_exact
eosinophilic gastroenteritis,eosinophilic gastroenteritis,ORPHA:2070,feature_exact
eosinophilic granulomatosis with polyangiitis,eosinophilic granulomatosis with polyangiitis,ORPHA:183,feature_exact
epidermolysis bullosa acquisita,epidermolysis bullosa acquisita,ORPHA:46487,feature_exact
episodic ataxia type 2,episodic ataxia type 2,ORPHA:97,feature_exact
Erdheim-Chester disease,Erdheim-Chester disease,ORPHA:35687,feature_exact
erythromelalgia,erythromelalgia,ORPHA:1956,catalog_only_exact
erythropoietic protoporphyria,erythropoietic protoporphyria,ORPHA:79278;ORPHA:443197,ambiguous_feature_manual
essential obesity,essential obesity,,not_found
essential thrombocythemia,essential thrombocythemia,ORPHA:3318,feature_exact
Evans syndrome,Evans syndrome,ORPHA:1959,feature_exact
Ewing sarcoma,Ewing sarcoma,ORPHA:319;ORPHA:370334;ORPHA:370348,ambiguous_feature_feature_alias
Fabry disease,Fabry disease,ORPHA:324,feature_exact
Fabry disease (late-onset cardiac variant),Fabry disease,ORPHA:324,feature_manual
facioscapulohumeral muscular dystrophy,facioscapulohumeral muscular dystrophy,ORPHA:269,feature_exact
familial adenomatous polyposis,familial adenomatous polyposis,ORPHA:733,feature_exact
familial chylomicronemia syndrome,familial chylomicronemia syndrome,ORPHA:444490,feature_exact
familial hemiplegic migraine,hemiplegic migraine,ORPHA:569,feature_manual
familial hemophagocytic lymphohistiocytosis,hemophagocytic lymphohistiocytosis,ORPHA:540,feature_exact
familial hypercholesterolemia,familial hypercholesterolemia,ORPHA:406;ORPHA:391665,ambiguous_mixed_manual
familial Mediterranean fever,familial Mediterranean fever,ORPHA:342,feature_exact
familial partial lipodystrophy,familial partial lipodystrophy,ORPHA:98306,catalog_only_exact
Fanconi anemia,Fanconi anemia,ORPHA:84,feature_exact
fatal familial insomnia,fatal familial insomnia,ORPHA:466,feature_exact
fibrodysplasia ossificans progressiva / progressive osseous heteroplasia,fibrodysplasia ossificans progressiva,ORPHA:337,feature_exact_canonical_fallback
fibromuscular dysplasia,fibromuscular dysplasia,ORPHA:698012,feature_exact
fibromyalgia,fibromyalgia,ORPHA:41842,catalog_only_exact
fibrotic hypersensitivity pneumonitis,fibrotic hypersensitivity pneumonitis,ORPHA:686465,feature_exact
fibrous dysplasia,fibrous dysplasia,ORPHA:249,feature_manual
first-episode schizophrenia,schizophrenia,ORPHA:3140,catalog_only_exact_canonical_fallback
focal cortical dysplasia,focal cortical dysplasia,ORPHA:65683,feature_manual
focal segmental glomerulosclerosis,focal segmental glomerulosclerosis,,not_found
FOXG1 syndrome,FOXG1 syndrome,ORPHA:561854,feature_exact
fragile X syndrome,fragile X syndrome,ORPHA:908,feature_exact
fragile X-associated tremor/ataxia syndrome,fragile X-associated tremor/ataxia syndrome,ORPHA:93256,feature_exact
Friedreich ataxia,Friedreich ataxia,ORPHA:95,feature_exact
frontotemporal dementia,frontotemporal dementia,ORPHA:282,catalog_only_exact
gastro-oesophageal reflux disease,gastro-oesophageal reflux disease,,not_found
gastrointestinal stromal tumor,gastrointestinal stromal tumor,ORPHA:44890,feature_exact
GATA2 deficiency,GATA2 deficiency,ORPHA:228423,feature_manual
Gaucher disease,Gaucher disease,ORPHA:355,feature_exact
Gaucher disease type 1,Gaucher disease,ORPHA:77259,feature_exact
GCK-MODY,maturity-onset diabetes of the young,ORPHA:552,feature_manual
generalized pustular psoriasis,psoriasis,ORPHA:247353,feature_exact
Gerstmann-Straussler-Scheinker disease,Gerstmann-Straussler-Scheinker disease,ORPHA:356,feature_feature_alias
giant axonal neuropathy,giant axonal neuropathy,ORPHA:643,feature_exact
giant cell arteritis,giant cell arteritis,ORPHA:397,feature_exact
giant cell myocarditis,giant cell myocarditis,ORPHA:329874,feature_manual
Gilbert syndrome,Gilbert syndrome,ORPHA:357,catalog_only_exact
Gitelman syndrome,Gitelman syndrome,ORPHA:358,feature_exact
Glanzmann thrombasthenia,Glanzmann thrombasthenia,ORPHA:849,feature_exact
glioblastoma,glioblastoma,ORPHA:360,feature_exact
glycogen storage disease type I,glycogen storage disease,ORPHA:364,feature_exact
glycogen storage disease type III,glycogen storage disease,ORPHA:366,feature_exact
glycogen storage disease type III/VI/IX,glycogen storage disease,ORPHA:79201,catalog_only_exact_canonical_fallback
GM1 gangliosidosis,GM1 gangliosidosis,ORPHA:354,feature_exact
Gorlin syndrome,Gorlin syndrome,ORPHA:377,feature_exact
granulomatosis with polyangiitis,granulomatosis with polyangiitis,ORPHA:900,feature_exact
Griscelli syndrome,Griscelli syndrome,ORPHA:381,feature_exact
growth hormone deficiency,growth hormone deficiency,ORPHA:631,feature_manual
Guillain-Barre syndrome,Guillain-Barre syndrome,ORPHA:2103,catalog_only_exact
Hailey-Hailey disease,Hailey-Hailey disease,ORPHA:2841,feature_exact
hairy cell leukemia variant,hairy cell leukemia variant,ORPHA:300878,feature_exact
harlequin ichthyosis,autosomal recessive congenital ichthyosis,ORPHA:457,feature_exact
hemiplegic migraine,hemiplegic migraine,ORPHA:569,feature_feature_alias
hemophagocytic lymphohistiocytosis,hemophagocytic lymphohistiocytosis,ORPHA:158032,catalog_only_exact
hemophilia A,hemophilia A,ORPHA:98878,feature_exact
Henoch-Schonlein purpura nephritis,IgA vasculitis nephritis,ORPHA:761,feature_manual
heparin-induced thrombocytopenia,heparin-induced thrombocytopenia,ORPHA:3325,feature_feature_alias
hepatocellular carcinoma,hepatocellular carcinoma,ORPHA:88673,catalog_only_exact
hereditary alpha-tryptasemia,hereditary alpha-tryptasemia,,not_found
hereditary angioedema,hereditary angioedema,ORPHA:91378,catalog_only_exact
hereditary breast and ovarian cancer,hereditary breast and ovarian cancer,ORPHA:145,feature_feature_alias
hereditary hemochromatosis,hereditary hemochromatosis,ORPHA:465508,feature_feature_alias
hereditary hemorrhagic telangiectasia,hereditary hemorrhagic telangiectasia,ORPHA:774,feature_exact
hereditary neuropathy with liability to pressure palsies,hereditary neuropathy with liability to pressure palsies,ORPHA:640,feature_exact
hereditary nonpolyposis colorectal cancer (Lynch),Lynch syndrome,ORPHA:144,feature_exact_canonical_fallback
hereditary spastic paraplegia,hereditary spastic paraplegia,ORPHA:685,catalog_only_exact
hereditary spastic paraplegia (SPG4),hereditary spastic paraplegia,ORPHA:100985,feature_manual
hereditary spherocytosis,hereditary spherocytosis,ORPHA:822,feature_exact
hereditary transthyretin amyloid polyneuropathy,amyloidosis,ORPHA:271861,feature_exact
hidradenitis suppurativa,hidradenitis suppurativa,ORPHA:387,catalog_only_exact
Hirschsprung disease,Hirschsprung disease,ORPHA:388,feature_exact
homozygous familial hypercholesterolemia,familial hypercholesterolemia,ORPHA:391665,feature_exact
Huntington disease,Huntington disease,ORPHA:399,feature_exact
Huntington disease-like 2,Huntington disease-like 2,ORPHA:98934,feature_exact
Hutchinson-Gilford progeria syndrome,Hutchinson-Gilford progeria syndrome,ORPHA:740,feature_exact
hyper-IgE syndrome (STAT3/DOCK8),hyper-IgE syndrome,ORPHA:331223,catalog_only_exact_canonical_fallback
hyper-IgM syndrome,hyper-IgM syndrome,ORPHA:183663;ORPHA:183666,ambiguous_feature_manual
hypereosinophilic syndrome,hypereosinophilic syndrome,ORPHA:168956,catalog_only_exact
hyperkalemic periodic paralysis,hyperkalemic periodic paralysis,ORPHA:682,feature_exact
hypermobile EDS / hypermobility spectrum disorder,Ehlers-Danlos syndrome,ORPHA:285,feature_manual
hypermobile Ehlers-Danlos syndrome,Ehlers-Danlos syndrome,ORPHA:285,feature_exact
hypermobility spectrum disorder,hypermobility spectrum disorder,,not_found
hypertrophic cardiomyopathy,hypertrophic cardiomyopathy,ORPHA:217569,catalog_only_mondo
hypochondroplasia,hypochondroplasia,ORPHA:429,feature_exact
hypomelanosis of Ito,hypomelanosis of Ito,ORPHA:435,catalog_obsolete_exact
hypoparathyroidism,hypoparathyroidism,ORPHA:181405,catalog_only_manual
hypophosphatasia,hypophosphatasia,ORPHA:436,feature_exact
ichthyosis vulgaris,ichthyosis vulgaris,,not_found
idiopathic hypersomnia,idiopathic hypersomnia,ORPHA:33208,feature_exact
idiopathic hypokalemic periodic paralysis,idiopathic hypokalemic periodic paralysis,ORPHA:681,feature_manual
idiopathic intracranial hypertension,idiopathic intracranial hypertension,ORPHA:238624,feature_exact
idiopathic multicentric Castleman disease (IPL subtype),Castleman disease,ORPHA:570431,feature_manual
idiopathic pulmonary arterial hypertension,pulmonary arterial hypertension,ORPHA:275766,feature_exact
idiopathic pulmonary fibrosis,idiopathic pulmonary fibrosis,ORPHA:2032,feature_exact
idiopathic pulmonary hemosiderosis,idiopathic pulmonary hemosiderosis,ORPHA:99931,feature_exact
idiopathic relapsing polychondritis,relapsing polychondritis,ORPHA:728,feature_exact_canonical_fallback
idiopathic retroperitoneal fibrosis,idiopathic retroperitoneal fibrosis,ORPHA:49041,feature_exact
IgA nephropathy,IgA nephropathy,ORPHA:34145,feature_exact
IgA vasculitis nephritis,IgA vasculitis nephritis,ORPHA:761,feature_manual
IgA vasculitis nephritis (HSPN),IgA vasculitis nephritis,ORPHA:761,feature_manual
IgG4-related disease,IgG4-related disease,ORPHA:284264,catalog_only_exact
IgG4-related ophthalmic disease,IgG4-related disease,ORPHA:449563,feature_exact
IgG4-related sclerosing cholangitis,IgG4-related disease,ORPHA:447764,feature_exact
IgM MGUS,MGUS,,not_found
IgM multiple myeloma,multiple myeloma,ORPHA:29073,feature_exact_canonical_fallback
immune thrombocytopenia,immune thrombocytopenia,ORPHA:3002,feature_exact
inclusion body myositis,inclusion body myositis,ORPHA:611,feature_exact
incontinentia pigmenti,incontinentia pigmenti,ORPHA:464,feature_exact
infantile neuronal ceroid lipofuscinosis,neuronal ceroid lipofuscinosis,ORPHA:79263,catalog_only_exact
intestinal Behcet disease,Behcet disease,ORPHA:117,feature_manual
intracranial atherosclerotic disease,intracranial atherosclerotic disease,,not_found
IPEX syndrome,IPEX syndrome,ORPHA:37042,feature_feature_alias
Joubert syndrome,Joubert syndrome,ORPHA:140874,feature_exact
juvenile idiopathic arthritis,juvenile idiopathic arthritis,ORPHA:92,catalog_only_exact
juvenile polyposis syndrome,juvenile polyposis syndrome,ORPHA:2929,feature_exact
Kabuki syndrome,Kabuki syndrome,ORPHA:2322,feature_exact
Kallmann syndrome,Kallmann syndrome,ORPHA:478,feature_exact
Kawasaki disease,Kawasaki disease,ORPHA:2331,feature_exact
Kearns-Sayre syndrome,Kearns-Sayre syndrome,ORPHA:480,feature_exact
Kikuchi-Fujimoto disease,Kikuchi-Fujimoto disease,ORPHA:50918,feature_exact
Kimura disease,Kimura disease,ORPHA:482,feature_exact
Kleine-Levin syndrome,Kleine-Levin syndrome,ORPHA:33543,feature_exact
Klinefelter syndrome,Klinefelter syndrome,ORPHA:484,catalog_only_exact
Krabbe disease,Krabbe disease,ORPHA:487,feature_exact
Lafora disease,Lafora disease,ORPHA:501,feature_exact
Lambert-Eaton myasthenic syndrome,Lambert-Eaton myasthenic syndrome,ORPHA:43393,feature_exact
lamellar ichthyosis,autosomal recessive congenital ichthyosis,ORPHA:313,feature_exact
Langerhans cell histiocytosis,Langerhans cell histiocytosis,ORPHA:389,feature_exact
Langerhans cell histiocytosis (adult),Langerhans cell histiocytosis,ORPHA:389,feature_exact_canonical_fallback
Laron syndrome,Laron syndrome,ORPHA:633,feature_exact
late-onset Pompe disease,Pompe disease,ORPHA:420429,feature_manual
late-onset Sandhoff disease,Sandhoff disease,ORPHA:309169,feature_manual
late-onset Stargardt disease,Stargardt disease,ORPHA:827,feature_manual
late-onset Tay-Sachs disease,Tay-Sachs disease,ORPHA:309192,feature_exact
LCAT deficiency,LCAT deficiency,ORPHA:650,feature_exact
Leber congenital amaurosis,Leber congenital amaurosis,ORPHA:65,feature_exact
Leber hereditary optic neuropathy,Leber hereditary optic neuropathy,ORPHA:104,feature_exact
left ventricular noncompaction,left ventricular noncompaction,ORPHA:54260,feature_exact
left ventricular noncompaction (dilated),left ventricular noncompaction,ORPHA:54260,feature_manual
Legius syndrome,Legius syndrome,ORPHA:137605,feature_exact
Leigh syndrome,Leigh syndrome,ORPHA:506,feature_exact
leiomyosarcoma,leiomyosarcoma,ORPHA:64720,feature_exact
Lennox-Gastaut syndrome,Lennox-Gastaut syndrome,ORPHA:2382,feature_exact
Li-Fraumeni syndrome,Li-Fraumeni syndrome,ORPHA:524,feature_exact
lichen sclerosus,lichen sclerosus,ORPHA:33409,catalog_only_exact
Liddle syndrome,Liddle syndrome,ORPHA:526,feature_exact
light chain deposition disease,light chain deposition disease,ORPHA:93558,feature_exact
limb-girdle muscular dystrophy,limb-girdle muscular dystrophy,ORPHA:263,catalog_only_exact
linear IgA bullous dermatosis,linear IgA bullous dermatosis,ORPHA:46488,feature_feature_alias
Loeys-Dietz syndrome,Loeys-Dietz syndrome,ORPHA:60030,feature_exact
Loeys-Dietz syndrome type 4,Loeys-Dietz syndrome,ORPHA:60030;ORPHA:91387,ambiguous_feature_feature_alias
logopenic primary progressive aphasia,logopenic primary progressive aphasia,ORPHA:250831,feature_exact
long COVID,long COVID,,not_found
long QT syndrome,long QT syndrome,ORPHA:101016,feature_manual
long QT syndrome type 1,long QT syndrome,ORPHA:727141,feature_manual
long QT syndrome type 3,long QT syndrome,ORPHA:727203,feature_manual
Lowe syndrome,Lowe syndrome,ORPHA:534,feature_exact
lung adenocarcinoma,lung adenocarcinoma,ORPHA:415268,catalog_only_mondo
lupus nephritis,lupus nephritis,,not_found
lymphangioleiomyomatosis,lymphangioleiomyomatosis,ORPHA:538,feature_exact
lymphocytic interstitial pneumonia,lymphocytic interstitial pneumonia,ORPHA:79128,feature_exact
Lynch syndrome,Lynch syndrome,ORPHA:144,feature_exact
Machado-Joseph disease (SCA3),spinocerebellar ataxia,ORPHA:98757,feature_manual
macrophage activation syndrome,macrophage activation syndrome,ORPHA:158061,feature_exact
mandibuloacral dysplasia,mandibuloacral dysplasia,ORPHA:2457,feature_exact
maple syrup urine disease,maple syrup urine disease,ORPHA:511,feature_exact
Marfan syndrome,Marfan syndrome,ORPHA:558,feature_exact
maturity-onset diabetes of the young,maturity-onset diabetes of the young,ORPHA:552,feature_exact
MCAD deficiency,MCAD deficiency,ORPHA:42,feature_exact
McLeod syndrome,McLeod syndrome,ORPHA:59306,feature_feature_alias
ME/CFS,ME/CFS,,not_found
Meckel-Gruber syndrome,Meckel-Gruber syndrome,ORPHA:564,feature_exact
MECP2 duplication syndrome,MECP2 duplication syndrome,ORPHA:1762,feature_manual
medulloblastoma,medulloblastoma,ORPHA:616,feature_exact
MELAS,MELAS,ORPHA:550,feature_exact
membranous nephropathy,membranous nephropathy,ORPHA:97560,feature_manual
Menkes disease,Menkes disease,ORPHA:565,feature_exact
Merkel cell carcinoma,Merkel cell carcinoma,ORPHA:79140,feature_exact
MERRF,MERRF,ORPHA:551,feature_exact
mesothelioma,mesothelioma,ORPHA:50251;ORPHA:168811;ORPHA:685004;ORPHA:685010,ambiguous_feature_manual
metabolic dysfunction-associated steatotic liver disease,metabolic dysfunction-associated steatotic liver disease,ORPHA:33271,catalog_only_mondo
metachromatic leukodystrophy,metachromatic leukodystrophy,ORPHA:512,feature_exact
mevalonate kinase deficiency,mevalonate kinase deficiency,ORPHA:309025,feature_exact
MGUS,MGUS,,not_found
migraine,migraine,,not_found
migraine with aura,migraine with aura,,not_found
migraine with typical aura,migraine with aura,,not_found
minimal change disease,minimal change disease,,not_found
mixed connective tissue disease,mixed connective tissue disease,ORPHA:809,feature_exact
MOG antibody-associated disease,MOG antibody-associated disease,,not_found
morphea,morphea,ORPHA:90289,feature_feature_alias
Morvan syndrome,Morvan syndrome,ORPHA:83467,feature_exact
motor neuron disease,amyotrophic lateral sclerosis,ORPHA:98503,catalog_only_exact
Mowat-Wilson syndrome,Mowat-Wilson syndrome,ORPHA:2152,feature_exact
moyamoya disease,moyamoya disease,ORPHA:2573,feature_exact
mucolipidosis type II,mucolipidosis type II,ORPHA:576,feature_exact
mucopolysaccharidosis,mucopolysaccharidosis,ORPHA:79213,catalog_only_exact
mucopolysaccharidosis type I,mucopolysaccharidosis,ORPHA:579,feature_exact
mucopolysaccharidosis type II,mucopolysaccharidosis,ORPHA:580,feature_exact
mucopolysaccharidosis type III,mucopolysaccharidosis,ORPHA:581,feature_exact
multifactorial chylomicronemia syndrome,multifactorial chylomicronemia syndrome,,not_found
multifocal motor neuropathy,multifocal motor neuropathy,ORPHA:641,feature_exact
multiple endocrine neoplasia type 1,multiple endocrine neoplasia,ORPHA:652,feature_exact
multiple endocrine neoplasia type 2,multiple endocrine neoplasia,ORPHA:653,feature_exact
multiple epiphyseal dysplasia,multiple epiphyseal dysplasia,ORPHA:251,catalog_only_exact
multiple hereditary infundibulocystic basal cell carcinoma,multiple hereditary infundibulocystic basal cell carcinoma,,not_found
multiple myeloma,multiple myeloma,ORPHA:29073,feature_exact
multiple sclerosis,multiple sclerosis,ORPHA:802,catalog_only_exact
multiple system atrophy,multiple system atrophy,ORPHA:102,feature_exact
multisystem inflammatory syndrome in children (MIS-C),multisystem inflammatory syndrome in children (MIS-C),ORPHA:598363,feature_manual
myasthenia gravis,myasthenia gravis,ORPHA:589,feature_exact
mycosis fungoides,mycosis fungoides,ORPHA:2584,feature_feature_alias
myelodysplastic syndrome,myelodysplastic syndrome,ORPHA:52688,catalog_only_exact
Myhre syndrome,Myhre syndrome,ORPHA:2588,feature_exact
myotonia congenita,myotonia congenita,ORPHA:614,feature_exact
myotonic dystrophy,myotonic dystrophy,ORPHA:206647,catalog_only_exact
myotonic dystrophy type 1,myotonic dystrophy,ORPHA:273,feature_exact
myotonic dystrophy type 2,myotonic dystrophy,ORPHA:606,feature_exact
myotubular myopathy,centronuclear myopathy,ORPHA:596,feature_manual
narcolepsy,narcolepsy,ORPHA:619284,catalog_only_exact
narcolepsy type 1,narcolepsy,ORPHA:2073,feature_exact
narcolepsy with cataplexy,narcolepsy,ORPHA:2073,feature_feature_alias
nemaline myopathy,nemaline myopathy,ORPHA:607,catalog_only_exact
neonatal diabetes,neonatal diabetes,ORPHA:224,catalog_only_manual
nephrogenic diabetes insipidus,diabetes insipidus,ORPHA:223,feature_exact
nephrogenic systemic fibrosis,nephrogenic systemic fibrosis,ORPHA:137617,feature_exact
nephronophthisis,nephronophthisis,ORPHA:655,feature_exact
Netherton syndrome,Netherton syndrome,ORPHA:634,feature_exact
neuroblastoma,neuroblastoma,ORPHA:635,feature_exact
neurofibromatosis type 1,neurofibromatosis,ORPHA:636,feature_exact
neurofibromatosis type 2,neurofibromatosis,ORPHA:637,feature_manual
neuromyelitis optica spectrum disorder,neuromyelitis optica spectrum disorder,ORPHA:71211,feature_exact
neuronal ceroid lipofuscinosis,neuronal ceroid lipofuscinosis,ORPHA:216,catalog_only_exact
neuronal intranuclear inclusion disease,neuronal intranuclear inclusion disease,ORPHA:2289,feature_exact
neurosarcoidosis,neurosarcoidosis,ORPHA:797,feature_manual
neurosyphilis,neurosyphilis,,not_found
Nicolaides-Baraitser syndrome,Nicolaides-Baraitser syndrome,ORPHA:3051,feature_exact
Niemann-Pick disease type C,Niemann-Pick disease type C,ORPHA:646,feature_exact
Nijmegen breakage syndrome,Nijmegen breakage syndrome,ORPHA:647,feature_exact
non-alcoholic fatty liver disease,metabolic dysfunction-associated steatotic liver disease,ORPHA:33271,catalog_only_exact
non-hereditary heterotopic ossification,non-hereditary heterotopic ossification,,not_found
noncompaction cardiomyopathy,left ventricular noncompaction,ORPHA:54260,feature_manual
Noonan syndrome,Noonan syndrome,ORPHA:648,feature_exact
Noonan syndrome with multiple lentigines,Noonan syndrome,ORPHA:500,feature_exact
normosmic idiopathic hypogonadotropic hypogonadism,congenital hypogonadotropic hypogonadism,ORPHA:432,feature_exact
nutritional rickets,nutritional rickets,,not_found
O'Donnell-Luria-Rodan syndrome,O'Donnell-Luria-Rodan syndrome,,not_found
oculopharyngeal muscular dystrophy,oculopharyngeal muscular dystrophy,ORPHA:270,feature_exact
osteoarthritis,osteoarthritis,,not_found
osteogenesis imperfecta,osteogenesis imperfecta,ORPHA:666,feature_exact
osteogenesis imperfecta (mild adult),osteogenesis imperfecta,ORPHA:666,feature_manual
osteosarcoma,osteosarcoma,ORPHA:668,feature_exact
otosclerosis,otosclerosis,ORPHA:2794,catalog_only_mondo
paediatric multiple sclerosis,multiple sclerosis,ORPHA:802,catalog_only_exact_canonical_fallback
paediatric-onset multiple sclerosis,multiple sclerosis,ORPHA:802,catalog_only_exact_canonical_fallback
Paget disease of bone,Paget disease of bone,ORPHA:280110,catalog_only_exact
pancreatic ductal adenocarcinoma,pancreatic ductal adenocarcinoma,,not_found
pancreatic neuroendocrine tumor,pancreatic neuroendocrine tumor,ORPHA:97253,catalog_only_exact
PAPA syndrome,PAPA syndrome,ORPHA:69126,feature_exact
papillary thyroid carcinoma,papillary thyroid carcinoma,,not_found
paramyotonia congenita,paramyotonia congenita,ORPHA:684,feature_exact
Parkinson disease,Parkinson disease,ORPHA:319705,catalog_only_exact
paroxysmal nocturnal hemoglobinuria,paroxysmal nocturnal hemoglobinuria,ORPHA:447,feature_exact
Pearson syndrome,Pearson syndrome,ORPHA:699,feature_exact
Pelizaeus-Merzbacher disease,Pelizaeus-Merzbacher disease,ORPHA:702,feature_exact
pemphigus vulgaris,pemphigus vulgaris,ORPHA:704,feature_exact
Pendred syndrome,Pendred syndrome,ORPHA:705,feature_exact
Perlman syndrome,Perlman syndrome,ORPHA:2849,feature_exact
persistent fetal vasculature,persistent fetal vasculature,ORPHA:91495,feature_feature_alias
Peutz-Jeghers syndrome,Peutz-Jeghers syndrome,ORPHA:2869,feature_exact
PFAPA syndrome,PFAPA syndrome,ORPHA:42642,feature_exact
Phelan-McDermid syndrome,Phelan-McDermid syndrome,ORPHA:48652,feature_exact
phenylketonuria,phenylketonuria,ORPHA:716,feature_exact
pheochromocytoma,pheochromocytoma,ORPHA:29072,feature_feature_alias
Pitt-Hopkins syndrome,Pitt-Hopkins syndrome,ORPHA:2896,feature_exact
plaque psoriasis,psoriasis,,not_found
plasma-cell-type idiopathic multicentric Castleman disease,Castleman disease,ORPHA:570431,feature_manual
POEMS syndrome,POEMS syndrome,ORPHA:2905,feature_exact
polyarteritis nodosa,polyarteritis nodosa,ORPHA:767,feature_exact
polycystic ovary syndrome,polycystic ovary syndrome,ORPHA:3185,catalog_only_exact
polycythemia vera,polycythemia vera,ORPHA:729,feature_exact
polymyalgia rheumatica,polymyalgia rheumatica,ORPHA:93569,catalog_only_exact
polymyositis,polymyositis,ORPHA:732,feature_exact
Pompe disease,Pompe disease,ORPHA:365,feature_exact
porphyria cutanea tarda,porphyria cutanea tarda,ORPHA:101330,feature_exact
postmenopausal osteoporosis,osteoporosis,,not_found
Potocki-Lupski syndrome,Potocki-Lupski syndrome,ORPHA:1713,feature_exact
Prader-Willi syndrome,Prader-Willi syndrome,ORPHA:739,feature_exact
primary aldosteronism,primary aldosteronism,,not_found
primary angiitis of the CNS,primary angiitis of the CNS,ORPHA:140989,feature_manual
primary biliary cholangitis,primary biliary cholangitis,ORPHA:186,feature_exact
primary ciliary dyskinesia,primary ciliary dyskinesia,ORPHA:244,feature_exact
primary CNS lymphoma,primary CNS lymphoma,ORPHA:46135,feature_exact
primary intestinal lymphoma,primary intestinal lymphoma,,not_found
primary lateral sclerosis,primary lateral sclerosis,ORPHA:35689,feature_exact
primary myelofibrosis,primary myelofibrosis,ORPHA:824,feature_exact
primary polydipsia,primary polydipsia,,not_found
primary progressive aphasia (AD pathology),Alzheimer disease,ORPHA:238616,catalog_only_exact_canonical_fallback
primary sclerosing cholangitis,primary sclerosing cholangitis,ORPHA:171,feature_exact
progressive familial intrahepatic cholestasis,progressive familial intrahepatic cholestasis,ORPHA:172,feature_exact
progressive multifocal leukoencephalopathy,progressive multifocal leukoencephalopathy,ORPHA:217260,feature_exact
progressive supranuclear palsy,progressive supranuclear palsy,ORPHA:683,feature_exact
pseudo-Bartter syndrome,pseudo-Bartter syndrome,,not_found
pseudo-Cushing state,pseudo-Cushing syndrome,,not_found
pseudo-Cushing syndrome,pseudo-Cushing syndrome,,not_found
pseudoachondroplasia,pseudoachondroplasia,ORPHA:750,feature_exact
pseudohypoparathyroidism,pseudohypoparathyroidism,ORPHA:97593,catalog_only_exact
psoriasis,psoriasis,,not_found
psoriasis vulgaris,psoriasis,,not_found
PTEN hamartoma tumor syndrome,PTEN hamartoma tumor syndrome,ORPHA:306498,feature_exact
pulmonary alveolar proteinosis,pulmonary alveolar proteinosis,ORPHA:747;ORPHA:264675;ORPHA:420259,ambiguous_feature_manual
pulmonary arterial hypertension,pulmonary arterial hypertension,ORPHA:182090,catalog_only_exact
pulmonary Langerhans cell histiocytosis,Langerhans cell histiocytosis,ORPHA:687733,feature_exact
pulmonary veno-occlusive disease,pulmonary veno-occlusive disease,ORPHA:31837,feature_feature_alias
pyoderma gangrenosum,pyoderma gangrenosum,ORPHA:48104,feature_exact
pyruvate kinase deficiency,pyruvate kinase deficiency,ORPHA:766,feature_feature_alias
Rasmussen encephalitis,Rasmussen encephalitis,ORPHA:1929,feature_feature_alias
Refsum disease,Refsum disease,ORPHA:773,feature_feature_alias
relapsing polychondritis,relapsing polychondritis,ORPHA:728,feature_exact
retinitis pigmentosa,retinitis pigmentosa,ORPHA:791,feature_exact
retinitis pigmentosa (USH2A non-syndromic),retinitis pigmentosa,ORPHA:791,feature_manual
retinoblastoma,retinoblastoma,ORPHA:790,feature_exact
Rett syndrome,Rett syndrome,ORPHA:778,feature_exact
rheumatoid arthritis,rheumatoid arthritis,ORPHA:284130,catalog_only_exact
Rosai-Dorfman disease,Rosai-Dorfman disease,ORPHA:158014,feature_exact
Rothmund-Thomson syndrome,Rothmund-Thomson syndrome,ORPHA:2909,feature_exact
Rotor syndrome,Rotor syndrome,ORPHA:3111,feature_exact
Rubinstein-Taybi syndrome,Rubinstein-Taybi syndrome,ORPHA:783,feature_exact
sarcoidosis,sarcoidosis,ORPHA:797,feature_exact
schizophrenia,schizophrenia,ORPHA:3140,catalog_only_exact
schizophrenia spectrum disorders,schizophrenia,ORPHA:3140,catalog_only_exact_canonical_fallback
Schnitzler syndrome,Schnitzler syndrome,ORPHA:37748,feature_exact
schwannomatosis,schwannomatosis,ORPHA:93921,feature_feature_alias
scleromyxedema,scleromyxedema,ORPHA:167635,feature_exact
secondary hemophagocytic lymphohistiocytosis,hemophagocytic lymphohistiocytosis,ORPHA:158041,catalog_only_exact
sepsis,sepsis,,not_found
seronegative rheumatoid arthritis,rheumatoid arthritis,ORPHA:284130,catalog_only_exact_canonical_fallback
severe asthma,asthma,,not_found
severe atopic dermatitis,atopic dermatitis,,not_found
Shprintzen-Goldberg syndrome,Shprintzen-Goldberg syndrome,ORPHA:2462,feature_exact
Shwachman-Diamond syndrome,Shwachman-Diamond syndrome,ORPHA:811,feature_exact
sickle cell anemia,sickle cell disease,ORPHA:232,feature_exact
sickle cell disease,sickle cell disease,ORPHA:275752,catalog_only_exact
Silver-Russell syndrome,Silver-Russell syndrome,ORPHA:813,feature_exact
Simpson-Golabi-Behmel syndrome,Simpson-Golabi-Behmel syndrome,ORPHA:373,feature_exact
sinusoidal obstruction syndrome,sinusoidal obstruction syndrome,ORPHA:890,feature_exact
sitosterolemia,sitosterolemia,ORPHA:2882,feature_exact
Sjogren syndrome,Sjogren syndrome,ORPHA:378,catalog_only_exact
SMAD4 juvenile polyposis-HHT,SMAD4 juvenile polyposis-HHT,ORPHA:774;ORPHA:2929,ambiguous_feature_manual
small cell lung cancer,small cell lung cancer,ORPHA:70573,feature_exact
small fiber neuropathy,small fiber neuropathy,,not_found
Smith-Lemli-Opitz syndrome,Smith-Lemli-Opitz syndrome,ORPHA:818,feature_exact
Smith-Magenis syndrome,Smith-Magenis syndrome,ORPHA:819,feature_exact
smoldering multiple myeloma,smoldering multiple myeloma,,not_found
Sotos syndrome,Sotos syndrome,ORPHA:821,feature_exact
spinal and bulbar muscular atrophy,spinal and bulbar muscular atrophy,ORPHA:481,feature_manual
spinal muscular atrophy,spinal muscular atrophy,ORPHA:70,feature_manual
spinal muscular atrophy (adult),spinal muscular atrophy,ORPHA:70,feature_manual_canonical_fallback
spinocerebellar ataxia type 17,spinocerebellar ataxia,ORPHA:98759,feature_exact
spinocerebellar ataxia type 2,spinocerebellar ataxia,ORPHA:98756,feature_exact
spinocerebellar ataxia type 3,spinocerebellar ataxia,ORPHA:98757,feature_exact
spinocerebellar ataxia type 6,spinocerebellar ataxia,ORPHA:98758,feature_exact
splenic marginal zone lymphoma,splenic marginal zone lymphoma,ORPHA:86854,feature_exact
spontaneous coronary artery dissection,spontaneous coronary artery dissection,ORPHA:458718;ORPHA:723290,ambiguous_feature_manual
spontaneous intracranial hypotension,spontaneous intracranial hypotension,ORPHA:443180,feature_exact
sporadic/familial hemiplegic migraine,hemiplegic migraine,ORPHA:569,feature_manual
Stargardt disease,Stargardt disease,ORPHA:827,feature_exact
Stickler syndrome,Stickler syndrome,ORPHA:828,feature_exact
Still disease,Still disease,ORPHA:85414,feature_exact
subacute sclerosing panencephalitis,subacute sclerosing panencephalitis,ORPHA:2806,feature_exact
sudden infant death syndrome,sudden infant death syndrome,ORPHA:415687,catalog_only_exact
superficial siderosis,superficial siderosis,ORPHA:247245,feature_exact
Susac syndrome,Susac syndrome,ORPHA:838,feature_exact
sympathetic ophthalmia,sympathetic ophthalmia,ORPHA:79098,feature_exact
syringomyelia,syringomyelia,ORPHA:3280,catalog_only_exact
systemic juvenile idiopathic arthritis,Still disease,ORPHA:85414,feature_feature_alias
systemic lupus erythematosus,systemic lupus erythematosus,ORPHA:536,feature_exact
systemic lupus erythematosus (familial chilblain lupus),systemic lupus erythematosus,ORPHA:536,feature_manual
systemic mastocytosis,systemic mastocytosis,ORPHA:2467,catalog_only_exact
systemic sclerosis,systemic sclerosis,ORPHA:90291,feature_exact
systemic sclerosis-associated ILD,systemic sclerosis,ORPHA:90291,feature_manual
T2-eosinophilic asthma,asthma,,not_found
Takayasu arteritis,Takayasu arteritis,ORPHA:3287,feature_exact
Takotsubo syndrome,Takotsubo syndrome,ORPHA:66529,feature_exact
Tangier disease,Tangier disease,ORPHA:31150,feature_exact
Tay-Sachs disease,Tay-Sachs disease,ORPHA:845,feature_exact
thalassemia,thalassemia,ORPHA:707786,catalog_only_exact
thanatophoric dysplasia,thanatophoric dysplasia,ORPHA:2655,feature_exact
thin basement membrane nephropathy,thin basement membrane nephropathy,,not_found
thrombotic thrombocytopenic purpura,thrombotic thrombocytopenic purpura,ORPHA:54057,feature_exact
thyrotoxic periodic paralysis,thyrotoxic periodic paralysis,ORPHA:79102,feature_exact
transthyretin cardiac amyloidosis,amyloidosis,ORPHA:271861,feature_manual
transthyretin cardiac amyloidosis (wild-type),amyloidosis,ORPHA:69,catalog_only_manual
TRAPS,TRAPS,ORPHA:32960,feature_feature_alias
trichothiodystrophy,trichothiodystrophy,ORPHA:33364,feature_exact
trisomy 13,trisomy 13,ORPHA:3378,feature_feature_alias
trisomy 18,trisomy 18,ORPHA:3380,feature_feature_alias
tuberculosis,tuberculosis,ORPHA:3389,feature_exact
tuberous sclerosis complex,tuberous sclerosis complex,ORPHA:805,feature_exact
Turner syndrome,Turner syndrome,ORPHA:881,feature_exact
type 1 diabetes,diabetes mellitus,ORPHA:243377,catalog_only_mondo
type 2 diabetes,diabetes mellitus,,not_found
type 2 diabetes / metabolic syndrome,diabetes mellitus,,not_found
tyrosinemia type 1,tyrosinemia type 1,ORPHA:882,feature_exact
Ullrich congenital muscular dystrophy,Ullrich congenital muscular dystrophy,ORPHA:75840,feature_exact
Unverricht-Lundborg disease,Unverricht-Lundborg disease,ORPHA:308,feature_exact
Usher syndrome,Usher syndrome,ORPHA:886,feature_exact
Usher syndrome type 2,Usher syndrome,ORPHA:231178,feature_exact
Usher syndrome type 2A,Usher syndrome,ORPHA:231178,feature_manual
uveal melanoma,uveal melanoma,ORPHA:39044,catalog_obsolete_exact
vaccine-induced immune thrombotic thrombocytopenia,vaccine-induced immune thrombotic thrombocytopenia,ORPHA:699029,feature_exact
vanishing white matter disease,vanishing white matter disease,ORPHA:135,feature_feature_alias
vascular Ehlers-Danlos syndrome,Ehlers-Danlos syndrome,ORPHA:286,feature_exact
VEXAS syndrome,VEXAS syndrome,ORPHA:596753,feature_exact
Vogt-Koyanagi-Harada disease,Vogt-Koyanagi-Harada disease,ORPHA:3437,feature_exact
von Hippel-Lindau disease,von Hippel-Lindau disease,ORPHA:892,feature_exact
von Willebrand disease,von Willebrand disease,ORPHA:903,feature_exact
von Willebrand disease type 2N,von Willebrand disease,ORPHA:166093,feature_exact
Waardenburg syndrome,Waardenburg syndrome,ORPHA:3440,feature_exact
WAGR syndrome,WAGR syndrome,ORPHA:893,feature_exact
Waldenstrom macroglobulinemia,Waldenstrom macroglobulinemia,ORPHA:33226,feature_exact
Weaver syndrome,Weaver syndrome,ORPHA:3447,feature_exact
Werner syndrome,Werner syndrome,ORPHA:902,feature_exact
West syndrome,West syndrome,ORPHA:3451,catalog_only_exact
Whipple disease,Whipple disease,ORPHA:3452,feature_exact
Wiedemann-Steiner syndrome,Wiedemann-Steiner syndrome,ORPHA:319182,feature_exact
wild-type transthyretin amyloidosis,amyloidosis,ORPHA:69,catalog_only_manual
Williams syndrome,Williams syndrome,ORPHA:904,feature_exact
Wilms tumor,Wilms tumor,ORPHA:654,feature_exact
Wilson disease,Wilson disease,ORPHA:905,feature_exact
Wiskott-Aldrich syndrome,Wiskott-Aldrich syndrome,ORPHA:906,feature_exact
Wolfram syndrome,Wolfram syndrome,ORPHA:3463,feature_exact
X-linked adrenoleukodystrophy,X-linked adrenoleukodystrophy,ORPHA:43,feature_exact
X-linked agammaglobulinemia,X-linked agammaglobulinemia,ORPHA:47,feature_exact
X-linked cerebral adrenoleukodystrophy,X-linked adrenoleukodystrophy,ORPHA:139396,feature_exact
X-linked hypophosphatemia,X-linked hypophosphatemia,ORPHA:89936,feature_exact
X-linked lymphoproliferative disease,X-linked lymphoproliferative disease,ORPHA:2442,catalog_only_exact
xeroderma pigmentosum,xeroderma pigmentosum,ORPHA:910,feature_exact
Zellweger spectrum disorder,Zellweger spectrum disorder,ORPHA:79189,catalog_only_manual
