row_id,pmid,disease_a,disease_b,paper_title,abs_w_phenotype,full_w_phenotype,abs_w_genetic,full_w_genetic,abs_w_mechanism,full_w_mechanism,abs_w_therapeutic,full_w_therapeutic,abs_w_natural_history,full_w_natural_history,abs_w_diagnostic_confusability,full_w_diagnostic_confusability,abs_w_comorbidity,full_w_comorbidity,abs_s_phenotype,full_s_phenotype,abs_s_genetic,full_s_genetic,abs_s_mechanism,full_s_mechanism,abs_s_therapeutic,full_s_therapeutic,abs_s_natural_history,full_s_natural_history,abs_s_diagnostic_confusability,full_s_diagnostic_confusability,abs_s_comorbidity,full_s_comorbidity
16,41639618,Fabry disease,hypertrophic cardiomyopathy,Two diseases presenting only as cardiac hypertrophy: differences between the late-onset Fabry diseas,0.50,0.60,0.00,0.00,0.20,0.10,0.00,0.00,0.00,0.00,0.30,0.30,0.00,0.00,0.4,0.4,,,0.2,0.3,,,,,0.5,0.5,,
20,42701481,amyloidosis,hypertrophic cardiomyopathy,The value of CMR-derived left atrial strain parameters in differential diagnosis of cardiac amyloido,0.50,0.40,0.00,0.00,0.00,0.00,0.00,0.00,0.00,0.00,0.50,0.60,0.00,0.00,0.4,0.4,,,,,,,,,0.5,0.5,,
28,40724841,Duchenne muscular dystrophy,Becker muscular dystrophy,Comparative Transcriptomic Profiling in Patients Affected by Duchenne and Becker Muscular Dystrophie,0.20,0.00,0.00,0.00,0.80,1.00,0.00,0.00,0.00,0.00,0.00,0.00,0.00,0.00,0.3,,,,0.6,0.3,,,,,,,,
29,40483507,Becker muscular dystrophy,Duchenne muscular dystrophy,Contrasting Becker and Duchenne muscular dystrophy serum biomarker candidates by using data independ,0.20,0.00,0.20,0.10,0.60,0.70,0.00,0.00,0.00,0.20,0.00,0.00,0.00,0.00,0.5,,0.6,0.6,0.6,0.3,,,,0.3,,,,
34,30728968,Prader-Willi syndrome,Angelman syndrome,Baby food and bedtime: Evidence for opposite phenotypes from different genetic and epigenetic altera,0.60,0.30,0.20,0.50,0.20,0.20,0.00,0.00,0.00,0.00,0.00,0.00,0.00,0.00,0.2,0.2,0.6,0.4,0.4,0.3,,,,,,,,
44,38011471,Guillain-Barre syndrome,chronic inflammatory demyelinating polyneuropathy,Comparison of ultrasound findings in Guillain-Barre syndrome and chronic inflammatory demyelinating ,0.60,0.70,0.00,0.00,0.00,0.00,0.00,0.00,0.00,0.00,0.40,0.30,0.00,0.00,0.4,0.3,,,,,,,,,0.5,0.3,,
46,39753882,idiopathic pulmonary fibrosis,systemic sclerosis,Common biomarkers of idiopathic pulmonary fibrosis and systemic sclerosis based on WGCNA and machine,0.00,0.00,0.00,0.00,0.80,1.00,0.00,0.00,0.00,0.00,0.00,0.00,0.20,0.00,,,,,0.7,0.6,,,,,,,0.6,
51,34691064,Still disease,hemophagocytic lymphohistiocytosis,Usefulness of Interleukin-18 as a Diagnostic Biomarker to Differentiate Adult-Onset Still's Disease ,0.00,0.10,0.00,0.00,0.70,0.50,0.00,0.00,0.00,0.00,0.30,0.40,0.00,0.00,,0.3,,,0.4,0.3,,,,,0.4,0.3,,
55,41560383,Takayasu arteritis,giant cell arteritis,Distinguishing Takayasu Arteritis and Giant Cell Arteritis Based on Large-Vessel Involvement Pattern,0.60,0.60,0.00,0.00,0.00,0.00,0.00,0.00,0.00,0.00,0.40,0.40,0.00,0.00,0.5,0.3,,,,,,,,,0.5,0.3,,
62,35743640,IgG4-related disease,primary sclerosing cholangitis,Clinical Utility of Personalized Serum IgG Subclass Ratios for the Differentiation of IgG4-Related S,0.00,0.00,0.00,0.00,0.70,0.30,0.00,0.00,0.00,0.00,0.30,0.70,0.00,0.00,,,,,0.3,0.3,,,,,0.3,0.3,,
97,41088272,Fanconi anemia,Diamond-Blackfan anemia,Ending diagnostic odyssey by reanalysis of whole exome sequencing data: reclassification of suspecte,0.30,0.00,0.70,0.70,0.00,0.00,0.00,0.00,0.00,0.00,0.00,0.30,0.00,0.00,0.5,,0.5,0.3,,,,,,,,0.6,,
103,37070132,spinal muscular atrophy,amyotrophic lateral sclerosis,Comparison of neurofilament light and heavy chain in spinal muscular atrophy and amyotrophic lateral,0.00,0.40,0.00,0.00,0.60,0.60,0.00,0.00,0.00,0.00,0.40,0.00,0.00,0.00,,0.5,,,0.5,0.3,,,,,0.4,,,
114,32569350,Brugada syndrome,long QT syndrome,"E1784K, the most common Brugada syndrome and long-QT syndrome type 3 mutant, disrupts sodium channel",0.00,0.00,0.50,0.20,0.50,0.80,0.00,0.00,0.00,0.00,0.00,0.00,0.00,0.00,,,0.9,0.9,0.8,0.9,,,,,,,,
118,40273901,cardiac sarcoidosis,arrhythmogenic right ventricular cardiomyopathy,Differentiating Cardiac Sarcoidosis from Arrhythmogenic Right Ventricular Cardiomyopathy: A Systemat,0.50,0.40,0.00,0.00,0.00,0.20,0.00,0.00,0.00,0.00,0.50,0.40,0.00,0.00,0.5,0.5,,,,0.2,,,,,0.5,0.6,,
121,41717885,bullous pemphigoid,pemphigus vulgaris,A Specific Signature of Circulating Free Fatty Acid Discriminates Bullous Pemphigoid From Pemphigus ,0.00,0.00,0.00,0.00,0.80,0.80,0.00,0.00,0.00,0.00,0.20,0.20,0.00,0.00,,,,,0.3,0.2,,,,,0.3,0.2,,
134,37654703,Usher syndrome,retinitis pigmentosa,USH2A variants causing retinitis pigmentosa or Usher syndrome provoke differential retinal phenotype,0.50,0.00,0.50,0.50,0.00,0.50,0.00,0.00,0.00,0.00,0.00,0.00,0.00,0.00,0.5,,0.7,0.5,,0.3,,,,,,,,
136,41357352,Leber hereditary optic neuropathy,autosomal dominant optic atrophy,"Serum neuronal, glial and mitochondrial markers in autosomal dominant optic atrophy and Leber heredi",0.40,0.40,0.00,0.20,0.60,0.40,0.00,0.00,0.00,0.00,0.00,0.00,0.00,0.00,0.5,0.4,,0.2,0.6,0.6,,,,,,,,
137,21203403,Leber hereditary optic neuropathy,autosomal dominant optic atrophy,Variation in OPA1 does not explain the incomplete penetrance of Leber hereditary optic neuropathy.,0.00,0.00,1.00,1.00,0.00,0.00,0.00,0.00,0.00,0.00,0.00,0.00,0.00,0.00,,,0.2,0.2,,,,,,,,,,
138,39449532,Stargardt disease,age-related macular degeneration,A comparative study of choroidal structural features in eyes with central macular atrophy related to,0.70,0.60,0.00,0.00,0.00,0.40,0.00,0.00,0.00,0.00,0.30,0.00,0.00,0.00,0.4,0.4,,,,0.4,,,,,0.3,,,
146,39614621,22q11.2 deletion syndrome,schizophrenia,Real-Life Functioning in 22q11.2 Deletion Syndrome in Relation to Neurocognitive Abilities and Psych,0.70,0.80,0.00,0.00,0.00,0.00,0.00,0.00,0.00,0.00,0.00,0.00,0.30,0.20,0.6,0.6,,,,,,,,,,,0.6,0.7
151,42673764,multiple system atrophy,Parkinson disease,Plasma neurofilament light for early differentiation of multiple system atrophy from Parkinson disea,0.00,0.00,0.00,0.00,0.40,0.50,0.00,0.00,0.00,0.00,0.60,0.50,0.00,0.00,,,,,0.3,0.3,,,,,0.3,0.3,,
173,42249339,CADASIL,multiple sclerosis,Inflammatory CADASIL: the cross-link between CADASIL and multiple sclerosis: a report of two cases a,0.00,0.20,0.00,0.00,0.00,0.00,0.00,0.00,0.00,0.00,0.60,0.60,0.40,0.20,,0.7,,,,,,,,,0.7,0.8,0.4,0.5
185,35874840,anti-NMDA receptor encephalitis,schizophrenia,Comparison of Hematological Parameters Between First-Episode Schizophrenia and Anti-NMDAR Encephalit,0.30,0.20,0.00,0.00,0.70,0.80,0.00,0.00,0.00,0.00,0.00,0.00,0.00,0.00,0.6,0.6,,,0.3,0.3,,,,,,,,
191,41840691,Silver-Russell syndrome,Beckwith-Wiedemann syndrome,Phenotypic spectrum of 11p15.5 duplications: parent-of-origin and copy number variant size shape out,0.30,0.30,0.70,0.70,0.00,0.00,0.00,0.00,0.00,0.00,0.00,0.00,0.00,0.00,0.2,0.3,0.2,0.3,,,,,,,,,,
246,41142853,classical homocystinuria,Marfan syndrome,Think classical homocystinuria if the genetic test did not confirm Marfan syndrome: Late diagnosis a,0.30,0.30,0.10,0.00,0.00,0.00,0.00,0.40,0.00,0.00,0.60,0.30,0.00,0.00,0.6,0.5,0.1,,,,,0.1,,,0.7,0.6,,
260,42027550,IgA nephropathy,Alport syndrome,Systematic Review of IgA Nephropathy Coexisting With Alport Syndrome.,0.00,0.00,0.20,0.30,0.30,0.00,0.00,0.20,0.00,0.00,0.00,0.00,0.50,0.50,,,0.2,0.4,0.3,,,0.5,,,,,0.7,0.7
275,41205050,psoriasis,psoriasis,Comparison of All-Cause Mortality in Generalized Pustular Psoriasis and Plaque Psoriasis: A Systemat,0.00,0.00,0.00,0.00,0.00,0.30,0.00,0.00,1.00,0.60,0.00,0.00,0.00,0.10,,,,,,0.4,,,0.2,0.2,,,,0.5
276,40109654,psoriasis,psoriasis,Proteomic Profiling and Clinical Insights: The Role of MMP9 in Differentiating Psoriasis Vulgaris fr,0.00,0.30,0.00,0.00,1.00,0.30,0.00,0.40,0.00,0.00,0.00,0.00,0.00,0.00,,0.4,,,0.3,0.3,,0.5,,,,,,
285,27142762,Bardet-Biedl syndrome,Alstrom syndrome,Whole organism transcriptome analysis of zebrafish models of Bardet-Biedl Syndrome and Alström Syndr,0.00,0.00,0.00,0.00,1.00,1.00,0.00,0.00,0.00,0.00,0.00,0.00,0.00,0.00,,,,,0.6,0.5,,,,,,,,
294,35868738,VEXAS syndrome,relapsing polychondritis,Comparison between idiopathic and VEXAS-relapsing polychondritis: analysis of a French case series o,0.70,0.60,0.30,0.30,0.00,0.00,0.00,0.00,0.00,0.10,0.00,0.00,0.00,0.00,0.4,0.3,0.1,0.1,,,,,,0.2,,,,
304,27080038,CDKL5 deficiency disorder,Rett syndrome,Prevalence and onset of comorbidities in the CDKL5 disorder differ from Rett syndrome.,0.70,0.70,0.00,0.00,0.00,0.00,0.00,0.00,0.30,0.30,0.00,0.00,0.00,0.00,0.5,0.4,,,,,,,0.4,0.3,,,,
317,40117898,multiple sclerosis,acute disseminated encephalomyelitis,Differentiating Pathology of Acute Disseminated Encephalomyelitis From Multiple Sclerosis in Childre,0.30,0.20,0.00,0.00,0.70,0.60,0.00,0.00,0.00,0.00,0.00,0.20,0.00,0.00,0.3,0.4,,,0.3,0.6,,,,,,0.5,,
336,36693681,Erdheim-Chester disease,Rosai-Dorfman disease,"Erdheim-Chester disease with Rosai-Dorfman-like lesions: treatment with methotrexate, anakinra and u",0.40,0.50,0.30,0.30,0.00,0.00,0.30,0.20,0.00,0.00,0.00,0.00,0.00,0.00,0.6,0.6,0.7,0.7,,,0.3,0.4,,,,,,
344,32248794,Danon disease,hypertrophic cardiomyopathy,Clinical utility of genetic testing in the early diagnosis of Danon disease mimicking hypertrophic c,0.20,0.40,0.20,0.40,0.00,0.00,0.00,0.00,0.00,0.00,0.60,0.20,0.00,0.00,0.7,0.7,0.4,0.3,,,,,,,0.6,0.7,,
345,42783013,left ventricular noncompaction,dilated cardiomyopathy,Long-Term Outcomes in Patients with Dilated Left Ventricular Non-Compaction Versus Dilated Cardiomyo,0.30,0.20,0.00,0.00,0.00,0.00,0.00,0.00,0.70,0.80,0.00,0.00,0.00,0.00,0.5,0.4,,,,,,,0.6,0.9,,,,
374,34277783,eosinophilic granulomatosis with polyangiitis,asthma,Retrospective comparison of high-resolution computed tomography of eosinophilic granulomatosis with ,0.40,0.60,0.00,0.00,0.00,0.00,0.00,0.00,0.00,0.00,0.60,0.40,0.00,0.00,0.4,0.3,,,,,,,,,0.4,0.4,,
377,41735429,Still disease,rheumatoid arthritis,Clustering reveals diagnostic overlap between Still's disease and a hyperinflammatory subset of sero,0.40,0.60,0.00,0.00,0.00,0.00,0.00,0.20,0.00,0.00,0.60,0.20,0.00,0.00,0.6,0.5,,,,,,0.3,,,0.7,0.6,,
389,32962746,lymphangioleiomyomatosis,COPD,Benefits of pulmonary rehabilitation in patients with advanced lymphangioleiomyomatosis (LAM) compar,0.00,0.20,0.00,0.00,0.00,0.00,1.00,0.80,0.00,0.00,0.00,0.00,0.00,0.00,,0.4,,,,,0.5,0.8,,,,,,
392,32887357,Rett syndrome,autism spectrum disorder,Differentiating Females with Rett Syndrome and Those with Multi-Comorbid Autism Spectrum Disorder Us,0.00,0.50,0.00,0.00,0.50,0.50,0.00,0.00,0.00,0.00,0.50,0.00,0.00,0.00,,0.4,,,0.3,0.3,,,,,0.3,,,
403,40094938,Prader-Willi syndrome,essential obesity,Epigenetic Age in Prader-Willi Syndrome and Essential Obesity: A Comparison with Chronological and V,0.00,0.30,0.00,0.00,1.00,0.70,0.00,0.00,0.00,0.00,0.00,0.00,0.00,0.00,,0.5,,,0.2,0.2,,,,,,,,
414,41576003,Ehlers-Danlos syndrome,long COVID,Shared autonomic phenotype of long COVID and myalgic encephalomyelitis/chronic fatigue syndrome.,0.70,0.60,0.00,0.00,0.30,0.40,0.00,0.00,0.00,0.00,0.00,0.00,0.00,0.00,0.7,0.7,,,0.6,0.6,,,,,,,,
416,40565512,Bernard-Soulier syndrome,Glanzmann thrombasthenia,Automated Quantitative Immunofluorescence Microscopy Approach for Diagnosis of Hereditary Thrombopat,0.00,0.00,0.00,0.00,0.00,0.20,0.00,0.00,0.00,0.00,1.00,0.80,0.00,0.00,,,,,,0.1,,,,,0.3,0.2,,
417,37627208,primary myelofibrosis,essential thrombocythemia,Easily Applicable Predictive Score for Differential Diagnosis of Prefibrotic Primary Myelofibrosis f,0.40,0.30,0.00,0.00,0.00,0.00,0.00,0.00,0.00,0.30,0.60,0.40,0.00,0.00,0.4,0.6,,,,,,,,0.3,0.4,0.4,,
440,33419741,antisynthetase syndrome,idiopathic pulmonary fibrosis,Clinicoserological features of antisynthetase syndrome (ASyS)-associated interstitial lung disease p,0.60,0.50,0.00,0.00,0.00,0.00,0.30,0.30,0.10,0.20,0.00,0.00,0.00,0.00,0.4,0.4,,,,,0.4,0.4,0.4,0.4,,,,
446,35968155,Kikuchi-Fujimoto disease,systemic lupus erythematosus,Kikuchi-Fujimoto Disease: A Differential for When It is Not Systemic Lupus Erythematosus.,0.40,0.30,0.00,0.00,0.00,0.00,0.00,0.00,0.00,0.00,0.60,0.70,0.00,0.00,0.6,0.6,,,,,,,,,0.7,0.8,,
543,35782613,phenylketonuria,maple syrup urine disease,Domino liver transplant from a donor with maple syrup urine disease into a recipient with phenylketo,0.00,0.00,0.00,0.00,0.00,0.40,1.00,0.60,0.00,0.00,0.00,0.00,0.00,0.00,,,,,,0.3,0.6,0.5,,,,,,
545,35722880,tyrosinemia type 1,phenylketonuria,Neurocognitive outcome and mental health in children with tyrosinemia type 1 and phenylketonuria: A ,1.00,1.00,0.00,0.00,0.00,0.00,0.00,0.00,0.00,0.00,0.00,0.00,0.00,0.00,0.5,0.3,,,,,,,,,,,,
555,39238074,familial chylomicronemia syndrome,multifactorial chylomicronemia syndrome,Comparison of Patients With Familial Chylomicronemia Syndrome and Multifactorial Chylomicronemia Syn,0.50,0.50,0.30,0.33,0.00,0.00,0.00,0.00,0.00,0.00,0.20,0.17,0.00,0.00,0.4,0.3,0.1,0.2,,,,,,,0.6,0.7,,
574,23361305,Barth syndrome,left ventricular noncompaction,Left ventricular noncompaction (LVNC) and low mitochondrial membrane potential are specific for Bart,0.67,0.60,0.33,0.40,0.00,0.00,0.00,0.00,0.00,0.00,0.00,0.00,0.00,0.00,0.7,0.7,0.6,0.8,,,,,,,,,,
577,34007738,arrhythmogenic right ventricular cardiomyopathy,Brugada syndrome,Arrhythmogenic Right Ventricular Dysplasia and Brugada Syndrome Overlap.,0.70,0.70,0.30,0.00,0.00,0.30,0.00,0.00,0.00,0.00,0.00,0.00,0.00,0.00,0.8,0.8,0.6,,,0.6,,,,,,,,
595,38031879,pyoderma gangrenosum,PAPA syndrome,"Genetic mutations in pyoderma gangrenosum, hidradenitis suppurativa, and associated autoinflammatory",0.00,0.30,1.00,0.60,0.00,0.10,0.00,0.00,0.00,0.00,0.00,0.00,0.00,0.00,,0.5,0.7,0.7,,0.6,,,,,,,,
602,33266342,retinoblastoma,Coats disease,MR Imaging Features to Differentiate Retinoblastoma from Coats' Disease and Persistent Fetal Vascula,0.40,0.40,0.00,0.00,0.00,0.00,0.00,0.00,0.00,0.00,0.60,0.60,0.00,0.00,0.3,0.3,,,,,,,,,0.3,0.3,,
609,37152637,aniridia,WAGR syndrome,Visual Acuity in Aniridia and WAGR Syndrome.,0.56,0.60,0.44,0.40,0.00,0.00,0.00,0.00,0.00,0.00,0.00,0.00,0.00,0.00,0.5,0.3,0.7,0.6,,,,,,,,,,
635,41749627,trisomy 18,trisomy 13,Trisomy 18 and Trisomy 13: A Retrospective Cohort Study at a Tertiary Hospital.,0.70,0.50,0.00,0.00,0.00,0.00,0.00,0.00,0.30,0.50,0.00,0.00,0.00,0.00,0.7,0.7,,,,,,,0.7,0.6,,,,
653,28063379,ataxia-telangiectasia,Nijmegen breakage syndrome,"Oxidative stress, mitochondrial abnormalities and antioxidant defense in Ataxia-telangiectasia, Bloo",0.00,0.00,0.00,0.00,1.00,1.00,0.00,0.00,0.00,0.00,0.00,0.00,0.00,0.00,,,,,0.7,0.8,,,,,,,,
662,41347296,cystic fibrosis,primary ciliary dyskinesia,Taste and Smell Disorders in Children and Young Adults With Cystic Fibrosis and Primary Ciliary Dysk,1.00,1.00,0.00,0.00,0.00,0.00,0.00,0.00,0.00,0.00,0.00,0.00,0.00,0.00,0.5,0.5,,,,,,,,,,,,
664,27099674,autoimmune enteropathy,celiac disease,Autoimmune enteropathy: not all flat mucosa mean coeliac disease.,0.40,0.30,0.00,0.10,0.00,0.00,0.00,0.00,0.00,0.00,0.60,0.60,0.00,0.00,0.5,0.7,,0.4,,,,,,,0.6,0.7,,
665,28545554,Whipple disease,rheumatoid arthritis,Whipple's disease mimicking rheumatoid arthritis can cause misdiagnosis and treatment failure.,0.30,0.30,0.00,0.00,0.00,0.00,0.10,0.10,0.00,0.00,0.60,0.60,0.00,0.00,0.7,0.7,,,,,0.1,0.1,,,0.8,0.8,,
687,39737131,Erdheim-Chester disease,Langerhans cell histiocytosis,Overlap syndrome of Erdheim-Chester disease and Langerhans cell histiocytosis: A case report.,0.00,0.30,0.50,0.20,0.00,0.00,0.00,0.00,0.00,0.00,0.00,0.00,0.50,0.50,,0.4,0.7,0.3,,,,,,,,,0.8,0.8
690,33600452,IgG4-related disease,idiopathic retroperitoneal fibrosis,Clinical characteristics of IgG4-related retroperitoneal fibrosis versus idiopathic retroperitoneal ,1.00,0.60,0.00,0.00,0.00,0.40,0.00,0.00,0.00,0.00,0.00,0.00,0.00,0.00,0.7,0.5,,,,0.4,,,,,,,,
699,42569525,polyarteritis nodosa,cryoglobulinemic vasculitis,Systemic Idiopathic Polyarteritis Nodosa Mimicking Cryoglobulinemic Vasculitis: A Diagnostic Challen,0.40,0.40,0.00,0.00,0.00,0.00,0.00,0.00,0.00,0.00,0.60,0.60,0.00,0.00,0.7,0.7,,,,,,,,,0.8,0.8,,
703,37199269,membranous nephropathy,minimal change disease,Combination of the gut microbiota and clinical indicators as a potential index for differentiating i,0.00,0.00,0.00,0.00,0.40,0.70,0.00,0.00,0.00,0.00,0.60,0.30,0.00,0.00,,,,,0.3,0.4,,,,,0.4,0.3,,
704,34508140,membranous nephropathy,minimal change disease,Development and validation of a discrimination model between primary PLA2R-negative membranous nephr,0.00,0.30,0.00,0.00,0.00,0.00,0.00,0.00,0.00,0.00,1.00,0.70,0.00,0.00,,0.3,,,,,,,,,0.4,0.3,,
708,40191091,IgA nephropathy,membranous nephropathy,Novel Biomarkers as Non-Invasive Diagnostic Tools in IgA Nephropathy: A Comparative Study with Lupus,0.00,0.00,0.00,0.00,0.00,0.20,0.00,0.00,0.00,0.00,1.00,0.80,0.00,0.00,,,,,,0.2,,,,,0.3,0.3,,
722,34932651,congenital myasthenic syndrome,myasthenia gravis,Congenital myasthenic syndrome in a cohort of patients with 'double' seronegative myasthenia gravis.,0.00,0.10,0.40,0.30,0.00,0.00,0.00,0.00,0.00,0.00,0.60,0.60,0.00,0.00,,0.6,0.3,0.3,,,,,,,0.6,0.4,,
729,15832002,Emery-Dreifuss muscular dystrophy,limb-girdle muscular dystrophy,"Cardiac dysrhythmias,cardiomyopathy and muscular dystrophy in patients with Emery-Dreifuss muscular ",0.80,0.60,0.20,0.40,0.00,0.00,0.00,0.00,0.00,0.00,0.00,0.00,0.00,0.00,0.8,0.8,0.3,0.3,,,,,,,,,,
733,40668264,giant axonal neuropathy,Charcot-Marie-Tooth disease,Charcot-Marie-Tooth-like presentation in giant axonal neuropathy: clinical variability and prevalenc,0.60,0.50,0.00,0.30,0.00,0.00,0.00,0.00,0.00,0.00,0.40,0.20,0.00,0.00,0.7,0.7,,0.4,,,,,,,0.6,0.6,,
741,40149486,episodic ataxia type 2,spinocerebellar ataxia,Effects of Levetiracetam on Episodic Ataxia Type 2 and Spinocerebellar Ataxia Type 6 with Episodic A,0.00,0.20,0.00,0.30,0.00,0.00,1.00,0.50,0.00,0.00,0.00,0.00,0.00,0.00,,0.6,,0.7,,,0.6,0.7,,,,,,
749,39124670,Creutzfeldt-Jakob disease,fatal familial insomnia,Creutzfeldt-Jakob Disease and Fatal Familial Insomnia: Demographics and In-Hospital Mortality in Spa,0.00,0.40,0.00,0.00,0.00,0.00,0.00,0.00,1.00,0.60,0.00,0.00,0.00,0.00,,0.4,,,,,,,0.5,0.3,,,,
756,36748660,idiopathic intracranial hypertension,migraine,Depression and anxiety in women with idiopathic intracranial hypertension compared to migraine: A ma,0.60,0.00,0.00,0.00,0.00,0.20,0.00,0.10,0.00,0.00,0.00,0.00,0.40,0.70,0.3,,,,,0.6,,0.5,,,,,0.7,0.9
787,33981713,lymphangioleiomyomatosis,tuberous sclerosis complex,Exploring the Role of Matrix Metalloproteinases as Biomarkers in Sporadic Lymphangioleiomyomatosis a,0.00,0.00,0.00,0.20,1.00,0.60,0.00,0.00,0.00,0.00,0.00,0.00,0.00,0.20,,,,0.6,0.5,0.6,,,,,,,,0.7
813,39583511,Burkitt lymphoma,diffuse large B-cell lymphoma,Ki-67 as a Marker to Differentiate Burkitt Lymphoma and Diffuse Large B-cell Lymphoma: A Literature ,0.00,0.00,0.00,0.00,0.00,0.30,0.00,0.00,0.00,0.20,1.00,0.50,0.00,0.00,,,,,,0.3,,,,0.3,0.3,0.3,,
816,32462033,Ewing sarcoma,osteosarcoma,Differentiation of Pelvic Osteosarcoma and Ewing Sarcoma Using Radiomic Analysis Based on T2-Weighte,0.00,0.20,0.00,0.00,0.00,0.00,0.00,0.00,0.00,0.00,1.00,0.80,0.00,0.00,,0.6,,,,,,,,,0.3,0.4,,
832,42034788,pancreatic neuroendocrine tumor,pancreatic ductal adenocarcinoma,Radiomics based on multiphasic contrast-enhanced CT combined with clinical features for differentiat,0.00,0.30,0.00,0.00,0.00,0.00,0.00,0.00,0.00,0.00,1.00,0.70,0.00,0.00,,0.3,,,,,,,,,0.3,0.3,,
839,38398178,Merkel cell carcinoma,small cell lung cancer,"ATOH1, TFAP2B, and CEACAM6 as Immunohistochemical Markers to Distinguish Merkel Cell Carcinoma and S",0.00,0.00,0.00,0.00,0.00,0.30,0.00,0.00,0.00,0.00,1.00,0.70,0.00,0.00,,,,,,0.4,,,,,0.3,0.2,,
895,36467985,Yao syndrome,familial Mediterranean fever,NOD2 Versus MEFV: Differential Diagnosis of Yao Syndrome and Familial Mediterranean Fever.,0.60,0.50,0.30,0.30,0.00,0.00,0.00,0.20,0.00,0.00,0.10,0.00,0.00,0.00,0.6,0.5,0.2,0.2,,,,0.2,,,0.7,,,
920,37476365,systemic sclerosis,cryoglobulinemic vasculitis,A Case of Overlap Syndrome of Systemic Sclerosis and Cryoglobulinemic Vasculitis With Central Nervou,0.50,0.40,0.00,0.00,0.00,0.00,0.00,0.00,0.00,0.00,0.00,0.00,0.50,0.60,0.6,0.4,,,,,,,,,,,0.7,0.7
936,41441534,Leber hereditary optic neuropathy,multiple sclerosis,Mitochondrial-Immune Overlap in Leber Hereditary Optic Neuropathy: A Case Report and Lessons Learned,0.60,0.30,0.00,0.00,0.00,0.20,0.00,0.00,0.00,0.00,0.00,0.00,0.40,0.50,0.5,0.5,,,,0.5,,,,,,,0.6,0.7
968,37328865,Alzheimer disease,amyotrophic lateral sclerosis,"Shared genetic risk loci between Alzheimer's disease and related dementias, Parkinson's disease, and",0.00,0.00,1.00,1.00,0.00,0.00,0.00,0.00,0.00,0.00,0.00,0.00,0.00,0.00,,,0.5,0.3,,,,,,,,,,
990,40557169,calciphylaxis,vasculitis,Calciphylaxis: A Mimic of Vasculitis.,0.40,0.40,0.00,0.00,0.00,0.00,0.00,0.00,0.00,0.00,0.60,0.60,0.00,0.00,0.7,0.7,,,,,,,,,0.7,0.8,,
994,36175824,Alzheimer disease,CADASIL,Investigating a Genetic Link Between Alzheimer's Disease and CADASIL-Related Cerebral Small Vessel D,0.00,0.00,1.00,1.00,0.00,0.00,0.00,0.00,0.00,0.00,0.00,0.00,0.00,0.00,,,0.3,0.3,,,,,,,,,,
1008,40171366,Moebius syndrome,Poland syndrome,Möbius Syndrome With Possible Poland Syndrome Overlap: A Case Report.,1.00,0.50,0.00,0.00,0.00,0.00,0.00,0.00,0.00,0.00,0.00,0.50,0.00,0.00,0.7,0.7,,,,,,,,,,0.7,,
1028,31942768,neuromyelitis optica spectrum disorder,multiple sclerosis,Comparison of Neuropathic Pain in Neuromyelitis Optica Spectrum Disorder and Multiple Sclerosis.,1.00,0.60,0.00,0.00,0.00,0.40,0.00,0.00,0.00,0.00,0.00,0.00,0.00,0.00,0.4,0.3,,,,0.3,,,,,,,,
1056,18950500,Marshall syndrome,Stickler syndrome,Significant ophthalmoarthropathy associated with ectodermal dysplasia in a child with Marshall-Stick,0.80,0.80,0.20,0.20,0.00,0.00,0.00,0.00,0.00,0.00,0.00,0.00,0.00,0.00,0.8,0.8,0.6,0.6,,,,,,,,,,
1089,39285290,inflammatory bowel disease,systemic lupus erythematosus,Investigating the shared genetic basis of inflammatory bowel disease and systemic lupus erythematosu,0.00,0.00,1.00,1.00,0.00,0.00,0.00,0.00,0.00,0.00,0.00,0.00,0.00,0.00,,,0.5,0.3,,,,,,,,,,
1098,41835779,granulomatosis with polyangiitis,eosinophilic granulomatosis with polyangiitis,Beyond Classification: An Antineutrophil Cytoplasmic Antibody-Associated Vasculitis Overlap Case.,1.00,0.80,0.00,0.00,0.00,0.00,0.00,0.00,0.00,0.00,0.00,0.20,0.00,0.00,0.8,0.8,,,,,,,,,,0.7,,
1133,35677009,MELAS,Leigh syndrome,"Mitochondrial Encephalopathy, Lactic Acidosis and Stroke-Like Episodes/Leigh Overlap Syndrome Due to",0.40,0.50,0.60,0.30,0.00,0.00,0.00,0.00,0.00,0.20,0.00,0.00,0.00,0.00,0.9,0.9,0.8,0.9,,,,,,0.6,,,,
1146,27026266,Morvan syndrome,myasthenia gravis,Morvan's syndrome and myasthenia gravis related to familial Mediterranean fever gene mutations.,0.00,0.00,0.50,0.00,0.00,0.30,0.00,0.30,0.00,0.00,0.00,0.00,0.50,0.40,,,0.3,,,0.6,,0.3,,,,,0.7,0.8
1171,29081904,Takotsubo cardiomyopathy,acute myocardial infarction,Takotsubo cardiomyopathy: Pathophysiology and role of cardiac biomarkers in differential diagnosis.,0.00,0.20,0.00,0.00,0.40,0.20,0.00,0.00,0.00,0.00,0.60,0.60,0.00,0.00,,0.6,,,0.4,0.3,,,,,0.6,0.6,,
1179,35787602,congenital chloride diarrhea,ulcerative colitis,Diagnostic Challenge of Congenital Chloride Diarrhea and Ulcerative Colitis Overlap in an Adult Misd,0.60,0.20,0.40,0.30,0.00,0.00,0.00,0.00,0.00,0.00,0.00,0.50,0.00,0.00,0.6,0.7,0.2,0.2,,,,,,,,0.8,,
1190,35338192,multiple sclerosis,neuromyelitis optica spectrum disorder,Disrupted structural network of inferomedial temporal regions in relapsing-remitting multiple sclero,0.00,0.40,0.00,0.00,1.00,0.60,0.00,0.00,0.00,0.00,0.00,0.00,0.00,0.00,,0.3,,,0.3,0.3,,,,,,,,
1197,39459490,ankylosing spondylitis,amyotrophic lateral sclerosis,An Uncommon Overlap Syndrome Between Ankylosing Spondylitis and Amyotrophic Lateral Sclerosis-Case R,0.00,0.30,0.00,0.00,0.00,0.00,0.00,0.00,0.00,0.00,0.00,0.00,1.00,0.70,,0.4,,,,,,,,,,,0.5,0.3
1199,38254934,pancreatoblastoma,familial adenomatous polyposis,Association between Pancreatoblastoma and Familial Adenomatous Polyposis: Review of the Literature w,0.00,0.00,0.40,0.50,0.00,0.00,0.00,0.00,0.00,0.00,0.00,0.00,0.60,0.50,,,0.6,0.7,,,,,,,,,0.5,0.6
1200,38486332,11p13 microduplication,Silver-Russell syndrome,11p13 microduplication: a differential diagnosis of Silver-Russell syndrome?,0.40,0.50,0.00,0.50,0.00,0.00,0.00,0.00,0.00,0.00,0.60,0.00,0.00,0.00,0.6,0.8,,0.2,,,,,,,0.6,,,
1216,28179466,Parkinson disease,atypical parkinsonian disorders,Blood-based NfL: A biomarker for differential diagnosis of parkinsonian disorder.,0.00,0.00,0.00,0.00,0.40,0.50,0.00,0.00,0.00,0.00,0.60,0.50,0.00,0.00,,,,,0.3,0.2,,,,,0.3,0.3,,
1220,41225386,systemic lupus erythematosus,pauci-immune glomerulonephritis,Cardiogenic shock and crescentic pauci-immune glomerulonephritis associated with systemic lupus eryt,1.00,0.70,0.00,0.00,0.00,0.30,0.00,0.00,0.00,0.00,0.00,0.00,0.00,0.00,0.6,0.6,,,,0.4,,,,,,,,
1226,23326272,amyotrophic lateral sclerosis,multiple sclerosis,Amyotrophic lateral sclerosis and multiple sclerosis overlap: a case report.,0.00,0.40,0.00,0.00,0.00,0.00,0.00,0.00,0.00,0.00,0.00,0.00,1.00,0.60,,0.4,,,,,,,,,,,0.2,0.2
1248,30679579,Takayasu arteritis,giant cell arteritis,Serum levels of fibroblast growth factor-2 distinguish Takayasu arteritis from giant cell arteritis ,0.00,0.20,0.00,0.00,1.00,0.60,0.00,0.00,0.00,0.00,0.00,0.20,0.00,0.00,,0.3,,,0.3,0.5,,,,,,0.3,,
1260,39628849,Miller Fisher syndrome,Guillain-Barre syndrome,A rare association of Guillain-Barré syndrome/Miller-Fisher syndrome overlap syndrome and Herpes Sim,1.00,0.70,0.00,0.00,0.00,0.20,0.00,0.10,0.00,0.00,0.00,0.00,0.00,0.00,0.8,0.9,,,,0.7,,0.6,,,,,,
1267,22952843,amyotrophic lateral sclerosis,frontotemporal dementia,Grey and white matter changes across the amyotrophic lateral sclerosis-frontotemporal dementia conti,1.00,1.00,0.00,0.00,0.00,0.00,0.00,0.00,0.00,0.00,0.00,0.00,0.00,0.00,0.6,0.6,,,,,,,,,,,,
