pair_id,disease_a,disease_b,disease_a_orpha_id,disease_b_orpha_id,synonyms_a,synonyms_b,stratum,pheno_jaccard,n_shared_genes,n_shared_drugs,status_a,status_b,hit_count
ORPHA:3095|ORPHA:505652,Atypical Rett syndrome,CDKL5-deficiency disorder,ORPHA:3095,ORPHA:505652,Atypical RTT|Autism Dementia Ataxia Loss of Purposeful Hand Use Syndrome|Autism-Dementia-Ataxia-Loss of Purposeful Hand Use Syndrome|CDKL5 early infantile epileptic encephalopathy|Cerebroatrophic Hyperammonemia|Cerebroatrophic Hyperammonemias,"CDD|CDKL5 early infantile epileptic encephalopathy|DEE2|EIEE2|developmental and epileptic encephalopathy 2, X-linked dominant|developmental and epileptic encephalopathy, 2",A_close_relatives,0.38,7,0,rare,rare,4
ORPHA:51|ORPHA:689231,Aicardi-Goutières syndrome,IFIH1-related hereditary spastic paraplegia,ORPHA:51,ORPHA:689231,ADAR Aicardi-Goutieres syndrome|AGS|AGS8|AGS9|Adar Aicardi-Goutieres syndrome|Aicardi Goutieres syndrome,Aicardi-Goutieres syndrome 7|Aicardi-Goutieres syndrome caused by mutation in IFIH1|Aicardi-Goutieres syndrome type 7|IFIH1 Aicardi-Goutieres syndrome|Interferon induced with helicase C domain 1-related hereditary spastic paraplegia,A_close_relatives,0.34,1,0,rare,rare,4
ORPHA:716|ORPHA:79651,Phenylketonuria,Mild hyperphenylalaninemia,ORPHA:716,ORPHA:79651,"PAH deficiency|PKU|hyperphenylalaninemia, non-PKU mild|phenylalanine hydroxylase deficiency|phenylketonuria","Mild HPA|Non-PKU HPA|PAH deficiency|PKU|hyperphenylalaninemia, non-PKU mild|mHPA",A_close_relatives,0.58,7,4,rare,rare,160
ORPHA:3421|ORPHA:71291,Cerebroretinal vasculopathy,Hereditary vascular retinopathy,ORPHA:3421,ORPHA:71291,CRV|Grand-Kaine-Fulling syndrome,HVR|Hereditary vascular retinopathy - Raynaud phenomenon - migraine|Hereditary vascular retinopathy-Raynaud phenomenon-migraine syndrome,A_close_relatives,1.00,1,0,rare,rare,5
ORPHA:876|ORPHA:99865,Yolk sac tumor,Spermatocytic seminoma,ORPHA:876,ORPHA:99865,Endodermal sinus tumor|TGCT|endodermal sinus neoplasm|endodermal sinus tumor|germ cell neoplasm of testis|germ cell neoplasm of the testis,"TGCT|germ cell neoplasm of testis|germ cell neoplasm of the testis|germ cell tumor of testis|germ cell tumor of the testis|germ cell tumors, somatic",A_close_relatives,1.00,56,0,rare,rare,26
ORPHA:163699|ORPHA:64720,Alveolar soft tissue sarcoma,Leiomyosarcoma,ORPHA:163699,ORPHA:64720,ASPS|Alveolar soft part sarcoma|adult alveolar soft Part sarcoma|adult alveolar soft part sarcoma|adult alveolar soft-Part sarcoma|alveolar soft Part sarcoma,"Leiomyosarcomas|leiomyosarcoma|leiomyosarcoma (excluding uterine leiomyosarcoma)|leiomyosarcoma - not uterine|leiomyosarcoma, malignant",A_close_relatives,0.33,16,0,rare,rare,61
ORPHA:493342|ORPHA:493348,Vibratory urticaria,OBSOLETE: Vibratory angioedema,ORPHA:493342,ORPHA:493348,"DDU|VBU|Vibratory angioedema/urticaria|angioedema, vibratory|dermodistortive urticaria|vibratory angioedema","DDU|VBU|angioedema, vibratory|dermodistortive urticaria|vibratory angioedema|vibratory urticaria, autosomal dominant",A_close_relatives,1.00,1,0,rare,rare,2
ORPHA:139536|ORPHA:99938,Distal hereditary motor neuropathy type 5,Autosomal dominant Charcot-Marie-Tooth disease type 2D,ORPHA:139536,ORPHA:99938,DHMN5C|Distal HMN V|Distal hereditary motor neuropathy type 5|Distal hereditary motor neuropathy type V|Distal spinal muscular atrophy type 5|HMN 5A,"CMT 2D|CMT2D|Charcot Marie Tooth disease type 2D|Charcot-Marie-Tooth disease type 2 caused by mutation in GARS|Charcot-Marie-Tooth disease, axonal, type 2D|Charcot-Marie-Tooth disease, type 2D",A_close_relatives,0.34,1,0,rare,rare,3
ORPHA:812|ORPHA:87876,Sialidosis type 1,Sialidosis type 2,ORPHA:812,ORPHA:87876,Cherry-red spot-myoclonus syndrome|Lipomucopolysaccharidosis|NEU1 sialidosis|Normomorphic sialidosis|cherry red spot myoclonus syndrome|cherry-red spot-myoclonus syndrome,Infantile dysmorphic sialidosis|ML1|NEU 1 deficiency|NEU1 sialidosis|dysmorphic sialidosis|dysmorphic sialidosis with renal involvement,A_close_relatives,0.56,1,0,rare,rare,2
ORPHA:209916|ORPHA:370334,Extraskeletal myxoid chondrosarcoma,Extraskeletal Ewing sarcoma,ORPHA:209916,ORPHA:370334,EMC|extraosseous chondrosarcoma|extraskeletal chondrosarcoma|myxoid extraosseous chondrosarcoma|myxoid extraskeletal chondrosarcoma,EOE|ES|Ewing family tumor|Ewing sarcoma|Ewing's family localised tumour|Ewing's family localized tumor,A_close_relatives,0.33,4,0,rare,rare,19
ORPHA:100069|ORPHA:275864,Semantic dementia,Behavioral variant of frontotemporal dementia,ORPHA:100069,ORPHA:275864,Dementia in Pick's disease (disorder)|FTD|FTLD|Frontotemporal degeneration|PICK disease of brain|Pick disease,Dementia in Pick's disease (disorder)|FTD|FTLD|Frontotemporal degeneration|PICK disease of brain|Pick disease,A_close_relatives,0.48,17,0,rare,rare,7
ORPHA:597|ORPHA:598,Central core disease,Multiminicore myopathy,ORPHA:597,ORPHA:598,"CCD|Central Core Disease|Myopathy, Central Core|Shy-Magee syndrome|central CORE disease of muscle|central core disease","MDRS1|MmD|Multiminicore disease|Myopathy, Central Core|RSMD1|RSS",A_close_relatives,0.33,2,0,rare,rare,22
ORPHA:449|ORPHA:54272,Hepatoblastoma,Hepatocellular adenoma,ORPHA:449,ORPHA:54272,"HBL|HCC|cancer, hepatocellular|carcinoma of liver|carcinoma of liver cells|carcinoma of the liver cells","HCA|LIAD|adenoma of liver cells|adenoma of the liver cells|adenoma, hepatocellular, benign|hepatocellular adenoma",A_close_relatives,0.50,37,0,rare,rare,40
ORPHA:2965|ORPHA:91347,Prolactinoma,TSH-secreting pituitary adenoma,ORPHA:2965,ORPHA:91347,Forbes-Albright syndrome (formerly)|Lactotroph adenoma|PRL producing pituitary gland adenoma|PRL-secreting pituitary adenoma|PRLoma|Pituitary lactotrophic adenoma,Pituitary thyrotrophic adenoma|TSH producing adenoma of pituitary|TSH producing adenoma of pituitary gland|TSH producing adenoma of the pituitary|TSH producing adenoma of the pituitary gland|TSH producing pituitary adenoma,A_close_relatives,0.63,2,0,rare,rare,2
ORPHA:2506|ORPHA:293843,Michels syndrome,3MC syndrome,ORPHA:2506,ORPHA:293843,3MC syndrome 1|3MC syndrome caused by mutation in MASP1|3MC syndrome type 1|3MC1|3MC1 syndrome|3Mc syndrome type 1,3MC syndrome 1|3MC syndrome 2|3MC syndrome caused by mutation in COLEC11|3MC syndrome caused by mutation in MASP1|3MC syndrome type 1|3MC syndrome type 2,A_close_relatives,0.52,1,0,rare,rare,2
ORPHA:669|ORPHA:90650,OBSOLETE: Otopalatodigital syndrome,Otopalatodigital syndrome type 1,ORPHA:669,ORPHA:90650,Taybi syndrome|oto-palatal-digital syndrome|oto-palato-digital syndrome|type 2 (Andre syndrome),OPD 1 syndrome|OPD I syndrome|OPD syndrome|OPD syndrome 1|OPD1|Taybi syndrome,A_close_relatives,0.44,1,0,rare,rare,4
ORPHA:170|ORPHA:55654,Woolly hair,Hypotrichosis simplex,ORPHA:170,ORPHA:55654,ADWH|ARWH2|ARWH3|Familial woolly hair syndrome|Familial wooly hair syndrome|HYPT7,APCDD1 hypotrichosis|ARWH2|DSG4 hypotrichosis|HTS|HYPT1|HYPT6,A_close_relatives,0.44,4,0,rare,rare,7
ORPHA:588|ORPHA:899,Muscle-eye-brain disease,Walker-Warburg syndrome,ORPHA:588,ORPHA:899,"B3GALNT2 muscular dystrophy-dystroglycanopathy, type A|Congenital muscular dystrophy, Fukuyama type|FCMD|Fukuyama Type Congenital Muscular Dystrophy|Fukuyama congenital muscular dystrophy|MDDGA2","B3GALNT2 muscular dystrophy-dystroglycanopathy, type A|Chemke syndrome|Congenital muscular dystrophy, Fukuyama type|FCMD|Fukuyama Type Congenital Muscular Dystrophy|Fukuyama congenital muscular dystrophy",A_close_relatives,0.63,17,0,rare,rare,100
ORPHA:100070|ORPHA:275864,Progressive non-fluent aphasia,Behavioral variant of frontotemporal dementia,ORPHA:100070,ORPHA:275864,Agramatic variant of PPA|Agramatic variant of primary progressive aphasia|Dementia in Pick's disease (disorder)|FTD|FTLD|Frontotemporal degeneration,Dementia in Pick's disease (disorder)|FTD|FTLD|Frontotemporal degeneration|PICK disease of brain|Pick disease,A_close_relatives,0.53,18,0,rare,rare,5
ORPHA:60030|ORPHA:91387,Loeys-Dietz syndrome,Familial thoracic aortic aneurysm and aortic dissection,ORPHA:60030,ORPHA:91387,AOS|Aneurysm - osteoarthritis syndrome|Aortic aneurysm syndrome due to TGF-beta receptors anomalies|Furlong syndrome|LDS5|LDS6,AAT12|ACTA2 familial thoracic aortic aneurysm and aortic dissection|Annuloaortic ectasia|Cystic medial necrosis of aorta|Erdheim disease|FTAAD,A_close_relatives,0.52,15,0,rare,rare,3
ORPHA:735|ORPHA:79152,Porokeratosis of Mibelli,Disseminated superficial actinic porokeratosis,ORPHA:735,ORPHA:79152,"POROK1|porokeratosis 3, disseminated superficial actinic type","FDPS porokeratosis (disease)|POROK7|POROK9|porokeratosis (disease) caused by mutation in FDPS|porokeratosis 3, disseminated superficial actinic type|porokeratosis 7, disseminated superficial actinic type",A_close_relatives,0.67,3,0,rare,rare,22
ORPHA:614|ORPHA:99736,Thomsen and Becker disease,Acetazolamide-responsive myotonia,ORPHA:614,ORPHA:99736,"Myotonia congenita|autosomal recessive myotonia congenita|myotonia congenita|myotonia congenita, autosomal recessive|myotonia congenita, recessive",ACZ-responsive congenital myotonia|ACZ-responsive myotonia|Acetazolamide-responsive congenital myotonia|K+-aggravated myotonia|K-aggravated myotonia|Myotonia-painful contractions syndrome,A_close_relatives,0.31,1,0,rare,rare,4
ORPHA:530995|ORPHA:86834,Mixed phenotype acute leukemia,Juvenile myelomonocytic leukemia,ORPHA:530995,ORPHA:86834,AML|AML - acute myeloid leukaemia|AML - acute myeloid leukemia|ANLL|MPAL|acute Nonlymphocytic leukaemia,JCML|JMML|Juvenile chronic myelomonocytic leukemia|chronic myelomonocytic leukaemia|chronic myelomonocytic leukemia|juvenile chronic myelogenous leukaemia,A_close_relatives,0.50,50,1,rare,rare,2
ORPHA:2209|ORPHA:79651,Maternal phenylketonuria syndrome,Mild hyperphenylalaninemia,ORPHA:2209,ORPHA:79651,Hyperphenylalaninemic embryopathy|Maternal PKU syndrome|Maternal hyperphenylalaninemia|PAH deficiency|PKU|Phenylketonuric embryopathy,"Mild HPA|Non-PKU HPA|PAH deficiency|PKU|hyperphenylalaninemia, non-PKU mild|mHPA",A_close_relatives,0.51,7,4,rare,rare,4
ORPHA:79455|ORPHA:79457,Cutaneous mastocytoma,Maculopapular cutaneous mastocytosis,ORPHA:79455,ORPHA:79457,Cutaneous local mastocytoma|Multiple mastocytoma|Solitary mastocytoma|cutaneous local mastocytoma|multiple mastocytoma|solitary mastocytoma,CM|Paucicellular mastocytosis|UP/MPCM|Urticaria pigmentosa|cutaneous (skin) mastocytosis|cutaneous mastocytosis,A_close_relatives,0.42,1,0,rare,rare,24
ORPHA:144|ORPHA:440437,Lynch syndrome,Familial colorectal cancer Type X,ORPHA:144,ORPHA:440437,"COCA 1|Colorectal Neoplasms, Hereditary Nonpolyposis|EPCAM hereditary nonpolyposis colon cancer|HNPCC - hereditary nonpolyposis colon cancer|Hereditary colorectal endometrial cancer syndrome|Hereditary non-polyposis colon cancer (hMSH2, hMLH1, hPMS1, hPMS2)",FCCTX|familial colorectal cancer type X,A_close_relatives,0.64,5,0,rare,rare,34
ORPHA:398069|ORPHA:739,Schaaf-Yang syndrome,Prader-Willi syndrome,ORPHA:398069,ORPHA:739,Chitayat-Hall syndrome|PWS due to a point mutation|PWS due to point mutation|Prader-Willi syndrome due to point mutation|SHFYNG|SYS,PWS|PWS due to point mutation|Prader-Labhart-Willi syndrome|Prader-Willi syndrome|Prader-Willi syndrome due to point mutation|Prader-Willi-Labhart syndrome,A_close_relatives,0.51,1,0,rare,rare,45
ORPHA:3286|ORPHA:51083,Catecholaminergic polymorphic ventricular tachycardia,Congenital short QT syndrome,ORPHA:3286,ORPHA:51083,ARVC2|ARVD2|Bidirectional ventricular tachycardia induced by catecholamine|CALM1 catecholaminergic polymorphic ventricular tachycardia|CPVT|Malignant paroxysmal ventricular tachycardia,Congenital SQTS|Familial short QT syndrome|KCNH2 short QT syndrome|KCNJ2 short QT syndrome|KCNQ1 short QT syndrome|SQT1,A_close_relatives,0.39,4,0,rare,rare,3
ORPHA:284984|ORPHA:558,Aneurysm-osteoarthritis syndrome,Marfan syndrome,ORPHA:284984,ORPHA:558,"AOS|Aneurysm - osteoarthritis syndrome|LDS3|Loeys-Dietz syndrome 3|Loeys-Dietz syndrome type 3|Loeys-Dietz syndrome, type 1C",Loeys-Dietz syndrome 2|Loeys-Dietz syndrome caused by mutation in TGFBR2|Loeys-Dietz syndrome type 2|Loeys-Dietz syndrome type II|MFS|MFS1,A_close_relatives,0.32,1,0,rare,rare,4
ORPHA:1768|ORPHA:3169,Familial caudal dysgenesis,Sirenomelia,ORPHA:1768,ORPHA:3169,Rudd-Klimek syndrome|SDAM|caudal dysgenesis familial type|caudal dysgenesis syndrome|caudal regression|familial caudal dysgenesis,Fused legs and feet|Rudd-Klimek syndrome|Sirenomelus|caudal regression|familial caudal dysgenesis|mermaid malformation,A_close_relatives,0.71,2,0,rare,rare,2
ORPHA:370334|ORPHA:55880,Extraskeletal Ewing sarcoma,Chondrosarcoma,ORPHA:370334,ORPHA:55880,EOE|ES|Ewing family tumor|Ewing sarcoma|Ewing's family localised tumour|Ewing's family localized tumor,"chondrosarcoma|chondrosarcoma (disease)|chondrosarcoma of bone|chondrosarcoma, malignant|chondrosarcoma, somatic mutation",A_close_relatives,0.33,11,0,rare,rare,311
ORPHA:415268|ORPHA:86834,NON RARE IN EUROPE: Adenocarcinoma of the lung,Juvenile myelomonocytic leukemia,ORPHA:415268,ORPHA:86834,LUAD|Lung Adenocarcinoma|adenocarcinoma of lung|adenocarcinoma of the lung|bronchogenic lung adenocarcinoma|lung adenocarcinoma,JCML|JMML|Juvenile chronic myelomonocytic leukemia|chronic myelomonocytic leukaemia|chronic myelomonocytic leukemia|juvenile chronic myelogenous leukaemia,A_close_relatives,0.33,50,0,rare,rare,5
ORPHA:284984|ORPHA:60030,Aneurysm-osteoarthritis syndrome,Loeys-Dietz syndrome,ORPHA:284984,ORPHA:60030,"AOS|Aneurysm - osteoarthritis syndrome|LDS3|Loeys-Dietz syndrome 3|Loeys-Dietz syndrome type 3|Loeys-Dietz syndrome, type 1C",AOS|Aneurysm - osteoarthritis syndrome|Aortic aneurysm syndrome due to TGF-beta receptors anomalies|Furlong syndrome|LDS5|LDS6,A_close_relatives,0.32,3,0,rare,rare,3
ORPHA:1306|ORPHA:1879,NON RARE IN EUROPE: Buschke-Ollendorff syndrome,Melorheostosis with osteopoikilosis,ORPHA:1306,ORPHA:1879,"Bos|Buschke Ollendorff syndrome|Buschke-Ollendorff syndrome|Disseminated dermatofibrosis with osteopoikilosis|NON RARE IN EUROPE: Disseminated dermatofibrosis with osteopoikilosis|dermatofibrosis, disseminated with osteopoikilosis",Buschke-Ollendorff syndrome|Disseminated dermatofibrosis with osteopoikilosis|MSBD syndrome|Mixed sclerosing bone dystrophy|dystrophy osseous sclerosing mixed|mixed sclerosing bone dystrophy,A_close_relatives,0.68,1,0,rare,rare,2
ORPHA:1071|ORPHA:3022,Ankyloblepharon-ectodermal defects-cleft lip/palate syndrome,Rapp-Hodgkin syndrome,ORPHA:1071,ORPHA:3022,AEC Syndrome|AEC syndrome|Ankyloblepharon - ectodermal defects - cleft lip/palate|Ankyloblepharon ectodermal defects cleft lip/palate|Hay-Wells syndrome|Rapp-Hodgkins syndrome,"Ectodermal dysplasia syndrome, Rapp-Hodgkin type|Ectodermal dysplasia, Rapp-Hodgkin type|Hypohidrotic ectodermal dysplasia- cleft lip/palate syndrome|OFC8, included|RHS|Rapp-Hodgkin ectodermal dysplasia syndrome",A_close_relatives,0.41,1,0,rare,rare,19
ORPHA:65|ORPHA:99001,Leber congenital amaurosis,Butterfly-shaped pigment dystrophy,ORPHA:65,ORPHA:99001,AIPL1 Leber congenital amaurosis|Amaurosis congenita of Leber|CEP290 Leber congenital amaurosis|CRB1 Leber congenital amaurosis|CRX Leber congenital amaurosis|GDF6 Leber congenital amaurosis,Butterfly-shaped pattern dystrophy|Butterfly-shaped pigmentary macular dystrophy|MCOPS5|MDPT1|OTX2 syndromic microphthalmia|PRPH2 patterned macular dystrophy,A_close_relatives,0.43,3,0,rare,rare,2
ORPHA:665|ORPHA:79445,Albright hereditary osteodystrophy,Pseudopseudohypoparathyroidism,ORPHA:665,ORPHA:79445,Albright hereditary osteodystrophy-PPHP syndrome|Normocalcemic pseudohypoparathyroidism (disorder) [ambiguous]|PPHP|Pseudopseudo-hypoparathyroidism|aho-PPHP syndrome|pseudo-pseudohypoparathyroidism,AHO-PPHP syndrome|Albright hereditary osteodystrophy-PPHP syndrome|Normocalcemic pseudohypoparathyroidism (disorder) [ambiguous]|PPHP|Pseudopseudo-hypoparathyroidism|aho-PPHP syndrome,A_close_relatives,0.76,1,0,rare,rare,42
ORPHA:100069|ORPHA:100070,Semantic dementia,Progressive non-fluent aphasia,ORPHA:100069,ORPHA:100070,Dementia in Pick's disease (disorder)|FTD|FTLD|Frontotemporal degeneration|PICK disease of brain|Pick disease,Agramatic variant of PPA|Agramatic variant of primary progressive aphasia|Dementia in Pick's disease (disorder)|FTD|FTLD|Frontotemporal degeneration,A_close_relatives,0.43,17,0,rare,rare,101
ORPHA:233|ORPHA:91411,Duane retraction syndrome,Congenital ptosis,ORPHA:233,ORPHA:91411,CFEOM|Congenital fibrosis of extraocular muscles|Congenital ophthalmoplegia|DRS|DURS|DURS3,CFEOM|Congenital fibrosis of extraocular muscles|Congenital ophthalmoplegia|FEOM|Tukel syndrome|congenital eyelid ptosis,A_close_relatives,0.41,16,0,rare,rare,4
ORPHA:411533|ORPHA:618,NON RARE IN EUROPE: Melanoma,Familial melanoma,ORPHA:411533,ORPHA:618,"Naevocarcinoma|malignant melanoma|melanoma|melanoma (disease)|melanoma, malignant",CMM10|GLM9|POT1 tumor predisposition|POT1-TPD|POT1-related tumor predisposition syndrome|glioma susceptibility 9,A_close_relatives,0.32,12,0,rare,rare,64
ORPHA:251262|ORPHA:435804,Familial osteochondritis dissecans,Short stature-advanced bone age-early-onset osteoarthritis syndrome,ORPHA:251262,ORPHA:435804,Koenig disease|Konig disease|König disease|OD|Osteochondritis dissecans and short stature|Osteochondrosis dissecans,Osteochondritis dissecans and short stature,A_close_relatives,0.84,1,0,rare,rare,2
ORPHA:163699|ORPHA:3273,Alveolar soft tissue sarcoma,Synovial sarcoma,ORPHA:163699,ORPHA:3273,ASPS|Alveolar soft part sarcoma|adult alveolar soft Part sarcoma|adult alveolar soft part sarcoma|adult alveolar soft-Part sarcoma|alveolar soft Part sarcoma,"SS|Synovialosarcoma|sarcoma, synovial, malignant|synovial sarcoma|synovial sarcoma (disease)",A_close_relatives,0.33,13,0,rare,rare,56
ORPHA:220|ORPHA:347,Denys-Drash syndrome,Frasier syndrome,ORPHA:220,ORPHA:347,"DDS|Denys Drash syndrome|Denys-Drash syndrome|Denys-Drash syndrome, autosomal dominant, somatic mutation|Drash syndrome|Wilms tumor and pseudohermaphroditism","Frasier syndrome|Frasier syndrome, autosomal dominant, somatic mutation",A_close_relatives,0.32,1,0,rare,rare,54
ORPHA:143|ORPHA:99880,Parathyroid carcinoma,Hyperparathyroidism-jaw tumor syndrome,ORPHA:143,ORPHA:99880,PRTC|adenocarcinoma of parathyroid|adenocarcinoma of parathyroid gland|adenocarcinoma of the parathyroid|adenocarcinoma of the parathyroid gland|cancer of parathyroid gland,HPT-JT|HRPT2|familial primary hyperparathyroidism with multiple ossifying jaw fibromas|hereditary hyperparathyroidism-jaw tumor syndrome|hereditary hyperparathyroidism-jaw tumour syndrome|hyperparathyroidism 2,A_close_relatives,0.76,1,0,rare,rare,59
ORPHA:3273|ORPHA:64720,Synovial sarcoma,Leiomyosarcoma,ORPHA:3273,ORPHA:64720,"SS|Synovialosarcoma|sarcoma, synovial, malignant|synovial sarcoma|synovial sarcoma (disease)","Leiomyosarcomas|leiomyosarcoma|leiomyosarcoma (excluding uterine leiomyosarcoma)|leiomyosarcoma - not uterine|leiomyosarcoma, malignant",A_close_relatives,0.33,90,0,rare,rare,321
ORPHA:98973|ORPHA:98975,Posterior polymorphous corneal dystrophy,Congenital hereditary endothelial dystrophy type I,ORPHA:98973,ORPHA:98975,Maumenee corneal dystrophy|PPCD|PPCD1|PPCD3|Posterior polymorphous dystrophy|Ppcd1,Autosomal dominant CHED|Autosomal dominant congenital hereditary endothelial dystrophy|CHED1|CHEDI|Congenital hereditary endothelial dystrophy type 1|Maumenee corneal dystrophy,A_close_relatives,0.42,5,0,rare,rare,2
ORPHA:79443|ORPHA:79445,Pseudohypoparathyroidism type 1A,Pseudopseudohypoparathyroidism,ORPHA:79443,ORPHA:79445,AHO|AHO - PHP Ia|AHO-PHP syndrome Ia|Albright hereditary osteodystrophy|Albright hereditary osteodystrophy - PHP Ia|Albright hereditary osteodystrophy with multiple hormone resistance,AHO-PPHP syndrome|Albright hereditary osteodystrophy-PPHP syndrome|Normocalcemic pseudohypoparathyroidism (disorder) [ambiguous]|PPHP|Pseudopseudo-hypoparathyroidism|aho-PPHP syndrome,A_close_relatives,0.44,1,0,rare,rare,16
ORPHA:319|ORPHA:55880,Skeletal Ewing sarcoma,Chondrosarcoma,ORPHA:319,ORPHA:55880,ES|Ewing family tumor|Ewing sarcoma|Ewing tumor|Ewing tumour|Ewing's family localised tumour,"chondrosarcoma|chondrosarcoma (disease)|chondrosarcoma of bone|chondrosarcoma, malignant|chondrosarcoma, somatic mutation",A_close_relatives,0.33,11,0,rare,rare,314
ORPHA:3318|ORPHA:71493,Essential thrombocythemia,Familial thrombocytosis,ORPHA:3318,ORPHA:71493,ET|Essential thrombocytosis|JAK2 familial thrombocytosis|MPL familial thrombocytosis|essential thrombocytemia|essential thrombocythaemia,Familial thrombocythemia|Hereditary thrombocythemia|JAK2 familial thrombocytosis|MPL familial thrombocytosis|THCYT|familial thrombocythemia,A_close_relatives,0.36,14,0,rare,rare,18
ORPHA:44|ORPHA:772,Neonatal adrenoleukodystrophy,Infantile Refsum disease,ORPHA:44,ORPHA:772,Autosomal recessive cerebellar ataxia - blindness - deafness|Intermediate PBD-ZSD|Intermediate peroxisome biogenesis disorder-Zellweger spectrum disorder|NALD|PBD4B|PEX11B peroxisome biogenesis disorder,Autosomal recessive cerebellar ataxia - blindness - deafness|IRD|Mild PBD-ZSD|Mild peroxisome biogenesis disorder-Zellweger spectrum disorder|NALD|Neonatal adrenoleukodystrophy,A_close_relatives,0.37,18,0,rare,rare,67
ORPHA:1896|ORPHA:3118,EEC syndrome,Rudiger syndrome,ORPHA:1896,ORPHA:3118,EEC syndrome 3|EEC syndrome caused by mutation in TP63|EEC3|Ectrodactyly - ectodermal dysplasia - cleft lip/palate|Ectrodactyly Ectodermal Dysplasia Cleft Lip/Palate|Ectrodactyly-ectodermal dysplasia-cleft lip/palate syndrome,Ectrodactyly - ectodermal dysplasia - cleft lip/palate|Ectrodactyly Ectodermal Dysplasia Cleft Lip/Palate|ectrodactyly-ectodermal dysplasia-cleft lip/palate syndrome|ectrodactyly-ectodermal dysplasia-cleft syndrome,A_close_relatives,0.69,1,0,rare,rare,18
ORPHA:210159|ORPHA:449,Adult hepatocellular carcinoma,Hepatoblastoma,ORPHA:210159,ORPHA:449,Adult HCC|HCC|adult HCC|adult hepatocellular carcinoma|adult hepatoma|adult primary carcinoma of liver cell,"HBL|HCC|cancer, hepatocellular|carcinoma of liver|carcinoma of liver cells|carcinoma of the liver cells",A_close_relatives,1.00,2082,8,rare,rare,24
ORPHA:3027|ORPHA:3169,Caudal regression syndrome,Sirenomelia,ORPHA:3027,ORPHA:3169,Caudal Regression Syndrome|Caudal dysgenesis syndrome|Caudal dysplasia|Caudal regression sequence|Rudd-Klimek syndrome|caudal dysplasia,Fused legs and feet|Rudd-Klimek syndrome|Sirenomelus|caudal regression|familial caudal dysgenesis|mermaid malformation,A_close_relatives,0.41,2,0,rare,rare,43
ORPHA:364055|ORPHA:65,Severe early-childhood-onset retinal dystrophy,Leber congenital amaurosis,ORPHA:364055,ORPHA:65,EOSRD|Early-onset severe retinal dystrophy|KCNJ13 Leber congenital amaurosis|LCA16|Leber congenital amaurosis 16|Leber congenital amaurosis caused by mutation in KCNJ13,AIPL1 Leber congenital amaurosis|Amaurosis congenita of Leber|CEP290 Leber congenital amaurosis|CRB1 Leber congenital amaurosis|CRX Leber congenital amaurosis|GDF6 Leber congenital amaurosis,A_close_relatives,0.53,18,0,rare,rare,57
ORPHA:558|ORPHA:60030,Marfan syndrome,Loeys-Dietz syndrome,ORPHA:558,ORPHA:60030,Loeys-Dietz syndrome 2|Loeys-Dietz syndrome caused by mutation in TGFBR2|Loeys-Dietz syndrome type 2|Loeys-Dietz syndrome type II|MFS|MFS1,AOS|Aneurysm - osteoarthritis syndrome|Aortic aneurysm syndrome due to TGF-beta receptors anomalies|Furlong syndrome|LDS5|LDS6,A_close_relatives,0.31,12,0,rare,rare,293
ORPHA:99976|ORPHA:99977,Adenocarcinoma of the oesophagus and oesophagogastric junction,Squamous cell carcinoma of the esophagus,ORPHA:99976,ORPHA:99977,(ulcerative esophagitis) or (Barrett's esophagus)|Adenocarcinoma of the esophagus and the gastroesophageal junction|BE|Barrett Epithelium|Barrett Syndrome|Barrett esophagus,ESCC|Esophageal epidermoid carcinoma|Esophageal squamous cell carcinoma|cancer of esophagus|cancer of oesophagus|esophageal cancer,A_close_relatives,0.50,703,0,rare,rare,4
ORPHA:163699|ORPHA:319308,Alveolar soft tissue sarcoma,MiT family translocation renal cell carcinoma,ORPHA:163699,ORPHA:319308,ASPS|Alveolar soft part sarcoma|adult alveolar soft Part sarcoma|adult alveolar soft part sarcoma|adult alveolar soft-Part sarcoma|alveolar soft Part sarcoma,"Carcinoma associated with MITF/TFE translocation|Translocation renal cell carcinoma|carcinoma associated with MITF/TFE translocation|renal cell carcinoma, Xp11-associated|renal cell carcinoma, papillary, 1|translocation renal cell carcinoma",A_close_relatives,0.33,2,0,rare,rare,21
ORPHA:2340|ORPHA:79100,Keratosis follicularis spinulosa decalvans,Atrophoderma vermiculata,ORPHA:2340,ORPHA:79100,keratosis pilaris atrophicans|keratosis pilaris decalvans,Atrophodermia reticulata|Folliculitis ulerythematosa reticulate|atrophoderma vermiculata|atrophoderma vermiculatum|ava|folliculitis ulerythematosa,A_close_relatives,0.32,1,0,rare,rare,5
ORPHA:209916|ORPHA:3273,Extraskeletal myxoid chondrosarcoma,Synovial sarcoma,ORPHA:209916,ORPHA:3273,EMC|extraosseous chondrosarcoma|extraskeletal chondrosarcoma|myxoid extraosseous chondrosarcoma|myxoid extraskeletal chondrosarcoma,"SS|Synovialosarcoma|sarcoma, synovial, malignant|synovial sarcoma|synovial sarcoma (disease)",A_close_relatives,0.33,15,0,rare,rare,32
ORPHA:661|ORPHA:99803,Congenital central hypoventilation syndrome,Haddad syndrome,ORPHA:661,ORPHA:99803,CCHS|CCHS2|CCHS3|Central congenital hypoventilation syndrome|Congenital central alveolar hypoventilation syndrome|Ondine curse,CCHS|Central congenital hypoventilation syndrome|Congenital central alveolar hypoventilation - Hirschsprung disease|Congenital central alveolar hypoventilation-Hirschsprung disease syndrome|Haddad syndrome|Ondine curse,A_close_relatives,0.44,8,0,rare,rare,25
ORPHA:558|ORPHA:97295,Marfan syndrome,Furlong syndrome,ORPHA:558,ORPHA:97295,Loeys-Dietz syndrome 2|Loeys-Dietz syndrome caused by mutation in TGFBR2|Loeys-Dietz syndrome type 2|Loeys-Dietz syndrome type II|MFS|MFS1,Furlong syndrome|LDS1|Loeys-Dietz syndrome 1|Loeys-Dietz syndrome caused by mutation in TGFBR1|Loeys-Dietz syndrome type 1|Marfanoid habitus-craniosynostosis syndrome,A_close_relatives,0.31,2,0,rare,rare,3
ORPHA:1775|ORPHA:3322,Dyskeratosis congenita,Hoyeraal-Hreidarsson syndrome,ORPHA:1775,ORPHA:3322,DC|DKC|DKCA2|DKCA3|DKCA6|DKCB1,DKCA3|DKCA6|DKCB5|DKCX|Growth retardation prenatal with progressive pancytopenia and cerebellar hypoplasia|Hoyeraal Hreidarsson syndrome,A_close_relatives,0.47,16,0,rare,rare,70
ORPHA:842|ORPHA:99865,Testicular seminomatous germ cell tumor,Spermatocytic seminoma,ORPHA:842,ORPHA:99865,Seminoma of testis|Seminomatous germ cell tumor of testis|TGCT|Testicular seminoma|germ cell neoplasm of testis|germ cell neoplasm of the testis,"TGCT|germ cell neoplasm of testis|germ cell neoplasm of the testis|germ cell tumor of testis|germ cell tumor of the testis|germ cell tumors, somatic",A_close_relatives,1.00,57,0,rare,rare,11
ORPHA:474|ORPHA:93269,Jeune syndrome,"Short rib-polydactyly syndrome, Majewski type",ORPHA:474,ORPHA:93269,ATD|ATD3|ATD5|Asphyxiating Thoracic Dystrophy|Asphyxiating thoracic dystrophy of the newborn|Chondroectodermal dysplasia-like syndrome,ATD3|DYNC2H1-related short rib thoracic dysplasia|Majewski syndrome|SRPS type 1|SRPS type 2|SRPS type 3,A_close_relatives,0.37,18,0,rare,rare,2
ORPHA:93293|ORPHA:959,Okihiro syndrome,Acro-renal-ocular syndrome,ORPHA:93293,ORPHA:959,DR syndrome|DRRS|Duane anomaly with radial abnormalities and deafness|Duane anomaly with radial ray abnormalities and deafness|Duane-radial ray syndrome|Okihiro syndrome,DR syndrome|DRRS|Duane anomaly with radial abnormalities and deafness|Duane anomaly with radial ray abnormalities and deafness|Duane-radial ray syndrome|Okihiro syndrome,A_close_relatives,0.66,2,0,rare,rare,6
ORPHA:314777|ORPHA:99725,Familial isolated pituitary adenoma,Pituitary gigantism,ORPHA:314777,ORPHA:99725,"FIPA|pituitary adenoma 1, multiple types, autosomal dominant, somatic mutation|pituitary adenoma 5, multiple types|pituitary adenoma predisposition, autosomal dominant, somatic mutation|pituitary adenoma, growth hormone-secreting, type 1","Hypophyseal gigantism|Infantile and juvenile forms of acromegaly|gigantism|hypophyseal gigantism|infantile and juvenile forms of acromegaly|pituitary adenoma 1, multiple types, autosomal dominant, somatic mutation",A_close_relatives,0.52,4,0,rare,rare,13
ORPHA:141132|ORPHA:374,Craniofacial microsomia,Goldenhar syndrome,ORPHA:141132,ORPHA:374,Expanded spectrum hemifacial microsomia|Expanded spectrum of hemifacial microsomia|Goldenhar disease|Goldenhar syndrome|HFM|Laterofacial microsomia,Expanded spectrum hemifacial microsomia|Expanded spectrum of hemifacial microsomia|Facioauriculovertebral sequence|Goldenhar disease|Goldenhar syndrome|HFM,A_close_relatives,0.76,15,0,rare,rare,22
ORPHA:99734|ORPHA:99735,Myotonia fluctuans,Myotonia permanens,ORPHA:99734,ORPHA:99735,Exercise-induced delayed-onset myotonia|Fluctuating myotonia|K+-aggravated myotonia|K-aggravated myotonia|MF|PAM,"K+-aggravated myotonia|K-aggravated myotonia|PAM|Potassium aggravated myotonia|myotonia congenita, atypical, acetazolamide-responsive",A_close_relatives,0.34,2,0,rare,rare,3
ORPHA:209916|ORPHA:319,Extraskeletal myxoid chondrosarcoma,Skeletal Ewing sarcoma,ORPHA:209916,ORPHA:319,EMC|extraosseous chondrosarcoma|extraskeletal chondrosarcoma|myxoid extraosseous chondrosarcoma|myxoid extraskeletal chondrosarcoma,ES|Ewing family tumor|Ewing sarcoma|Ewing tumor|Ewing tumour|Ewing's family localised tumour,A_close_relatives,0.33,4,0,rare,rare,19
ORPHA:101081|ORPHA:3115,Charcot-Marie-Tooth disease type 1A,Roussy-Lévy syndrome,ORPHA:101081,ORPHA:3115,"CMT 1A|CMT1A|Charcot Marie Tooth disease type 1A|Charcot-Marie-Tooth disease type 1A|Charcot-Marie-Tooth disease, demyelinating, type 1A|Charcot-Marie-Tooth disease, type 1A","Charcot-Marie-Tooth disease (variant)|Charcot-Marie-Tooth-Roussy-levy disease|HMSN I|Hereditary areflexic dystasia, Roussy-Lévy type|Roussy Lévy Syndrome|Roussy levy hereditary areflexic dystasia",A_close_relatives,0.33,1,0,rare,rare,3
ORPHA:1945|ORPHA:98818,Self-limited epilepsy with centrotemporal spikes,Landau-Kleffner syndrome,ORPHA:1945,ORPHA:98818,BCECTS|BECRS|BECTS|BRE|Benign epilepsy of childhood with centrotemporal spikes|Benign familial epilepsy of childhood with rolandic spikes,"Acquired epileptic aphasia|FESD|LKS|Landau-Kleffner syndrome|Rolandic epilepsy, mental retardation, and speech dyspraxia, autosomal dominant|acquired aphasia with convulsive disorder",A_close_relatives,0.44,4,0,rare,rare,5
ORPHA:101046|ORPHA:98819,Epilepsy with auditory features,Familial temporal lobe epilepsy,ORPHA:101046,ORPHA:98819,ADEAF|ADLTE|ADPEAF|Autosomal dominant epilepsy with auditory features|Autosomal dominant lateral temporal lobe epilepsy|EAF,"Benign Psychomotor Epilepsy, Childhood|Childhood Benign Psychomotor Epilepsy|ETL2|Epilepsies, Lateral Temporal|Epilepsies, Temporal Lobe|Epilepsies, Uncinate",A_close_relatives,0.31,2,0,rare,rare,4
ORPHA:130|ORPHA:51083,Brugada syndrome,Congenital short QT syndrome,ORPHA:130,ORPHA:51083,BRGDA1|BRGDA3|BRGDA5|BRGDA8|BRGDA9|Bangungut,Congenital SQTS|Familial short QT syndrome|KCNH2 short QT syndrome|KCNJ2 short QT syndrome|KCNQ1 short QT syndrome|SQT1,A_close_relatives,0.36,13,0,rare,rare,5
ORPHA:363483|ORPHA:842,Testicular teratoma,Testicular seminomatous germ cell tumor,ORPHA:363483,ORPHA:842,TGCT|Teratoma of the testis|germ cell neoplasm of testis|germ cell neoplasm of the testis|germ cell tumor of testis|germ cell tumor of the testis,Seminoma of testis|Seminomatous germ cell tumor of testis|TGCT|Testicular seminoma|germ cell neoplasm of testis|germ cell neoplasm of the testis,A_close_relatives,1.00,74,0,rare,rare,3
ORPHA:727|ORPHA:900,Microscopic polyangiitis,Granulomatosis with polyangiitis,ORPHA:727,ORPHA:900,Hypersensitivity angiitis|MPA|Micropolyangiitis|Microscopic polyarteritis|microscopic polyarteritis,ANCA-associated vasculitis|GPA|Midline granulomatosis|Wegener granulomatosis|Wegener's granulomatosis|Wegener's syndrome,A_close_relatives,0.30,10,2,rare,rare,1243
ORPHA:107|ORPHA:52429,BOR syndrome,Branchiootic syndrome,ORPHA:107,ORPHA:52429,BOR|BOR syndrome|Branchio oto renal syndrome|Branchio-Oto-renal syndrome|Branchio-otorenal dysplasia|Branchiootorenal spectrum disorder,Branchio-otic syndrome|EYA1 branchiootic syndrome|branchiootic syndrome 1|branchiootic syndrome caused by mutation in EYA1|branchiootic syndrome type 1,A_close_relatives,0.30,2,0,rare,rare,6
ORPHA:1942|ORPHA:2382,Epilepsy with myoclonic-atonic seizures,Lennox-Gastaut syndrome,ORPHA:1942,ORPHA:2382,CHD2-Related Neurodevelopmental Disorders|DEE94|Doose syndrome|EMAS|EMAtS|Epilepsy with myoclonic-astatic seizures,CHD2-Related Neurodevelopmental Disorders|DEE31A|DEE43|DEE94|DNM1 early infantile epileptic encephalopathy|EIEE43,A_close_relatives,0.30,10,0,rare,rare,41
ORPHA:275872|ORPHA:803,Frontotemporal dementia with motor neuron disease,Amyotrophic lateral sclerosis,ORPHA:275872,ORPHA:803,ALS26|ALS6|ALSFTD|C9ORF72 frontotemporal dementia with motor neuron disease|C9orf72 frontotemporal dementia with motor neuron disease|FTD-ALS,ALS|ALS (Amyotrophic Lateral Sclerosis)|ALS - Amyotrophic lateral sclerosis|ALS 22|ALS11|ALS15,A_close_relatives,0.35,23,0,rare,rare,6
ORPHA:842|ORPHA:876,Testicular seminomatous germ cell tumor,Yolk sac tumor,ORPHA:842,ORPHA:876,Seminoma of testis|Seminomatous germ cell tumor of testis|TGCT|Testicular seminoma|germ cell neoplasm of testis|germ cell neoplasm of the testis,Endodermal sinus tumor|TGCT|endodermal sinus neoplasm|endodermal sinus tumor|germ cell neoplasm of testis|germ cell neoplasm of the testis,A_close_relatives,1.00,65,0,rare,rare,12
ORPHA:772|ORPHA:912,Infantile Refsum disease,Zellweger syndrome,ORPHA:772,ORPHA:912,Autosomal recessive cerebellar ataxia - blindness - deafness|IRD|Mild PBD-ZSD|Mild peroxisome biogenesis disorder-Zellweger spectrum disorder|NALD|Neonatal adrenoleukodystrophy,Cerebrohepatorenal syndrome|NALD|Neonatal adrenoleukodystrophy|Severe PBD-ZSD|Severe peroxisome biogenesis disorder-Zellweger spectrum disorder|ZS,A_close_relatives,0.91,19,0,rare,rare,82
ORPHA:610|ORPHA:646113,Bethlem muscular dystrophy,Intermediate collagen VI-related muscular dystrophy,ORPHA:610,ORPHA:646113,BTHLM1|BTHLM2|Bethlem myopathy|Bethlem myopathy 1|Bethlem myopathy 2|Bethlem myopathy caused by mutation in COL12A1,Intermediate COL6-RD|Ullrich congenital muscular dystrophy 1,A_close_relatives,0.54,7,0,rare,rare,2
ORPHA:404560|ORPHA:411533,Familial atypical multiple mole melanoma syndrome,NON RARE IN EUROPE: Melanoma,ORPHA:404560,ORPHA:411533,B-K mole syndrome|FAMM syndrome|FAMM-PC syndrome|FAMMM syndrome|Familial atypical mole syndrome|Familial atypical multiple mole melanoma-pancreatic carcinoma syndrome,"Naevocarcinoma|malignant melanoma|melanoma|melanoma (disease)|melanoma, malignant",A_close_relatives,0.88,6,0,rare,rare,11
ORPHA:163690|ORPHA:163693,Hypotonia-cystinuria syndrome,2p21 microdeletion syndrome,ORPHA:163690,ORPHA:163693,HCS|cystinuria with mitochondrial disease|homozygous 2P16 deletion syndrome|hypotonia-cystinuria syndrome|hypotonia-cystinuria syndrome type 1|hypotonia-cystinuria type 1 syndrome,2p21 deletion|2p21 deletion syndrome|2p21 microdeletion syndrome|Del(2)(p21)|HCS|Monosomy 2p21,A_close_relatives,0.83,3,0,rare,rare,6
ORPHA:163693|ORPHA:238523,2p21 microdeletion syndrome,Atypical hypotonia-cystinuria syndrome,ORPHA:163693,ORPHA:238523,2p21 deletion|2p21 deletion syndrome|2p21 microdeletion syndrome|Del(2)(p21)|HCS|Monosomy 2p21,Atypical HCS|Atypical hypotonia - cystinuria syndrome|HCS|atypical HCS|cystinuria with mitochondrial disease|hypotonia-cystinuria syndrome,A_close_relatives,0.86,3,0,rare,rare,5
ORPHA:284343|ORPHA:64742,DICER1 tumor-predisposition syndrome,Pleuropulmonary blastoma,ORPHA:284343,ORPHA:64742,DICER1 syndrome|DICER1-related pleuropulmonary blastoma|DICER1-related pleuropulmonary blastoma cancer predisposition syndrome|PPB familial tumor and dysplasia syndrome|PPB familial tumor susceptibility syndrome|PPB familial tumour susceptibility syndrome,PPB|PPB familial tumour and dysplasia syndrome|childhood pulmonary blastoma|paediatric pulmonary blastoma|pediatric pulmonary blastoma|pleuropulmonary blastoma,A_close_relatives,1.00,19,0,rare,rare,63
ORPHA:79443|ORPHA:94089,Pseudohypoparathyroidism type 1A,Pseudohypoparathyroidism type 1B,ORPHA:79443,ORPHA:94089,AHO|AHO - PHP Ia|AHO-PHP syndrome Ia|Albright hereditary osteodystrophy|Albright hereditary osteodystrophy - PHP Ia|Albright hereditary osteodystrophy with multiple hormone resistance,"PHP1B|pseudohypoparathyroidism Ib|pseudohypoparathyroidism, type IB",A_close_relatives,0.41,1,0,rare,rare,29
ORPHA:598|ORPHA:84132,Multiminicore myopathy,Desmin-related myopathy with Mallory body-like inclusions,ORPHA:598,ORPHA:84132,"MDRS1|MmD|Multiminicore disease|Myopathy, Central Core|RSMD1|RSS",CMYO3|Early-onset desmin-related myopathy|MDRS1|RSMD1|RSS|SELENON rigid spine syndrome,A_close_relatives,0.45,1,0,rare,rare,4
ORPHA:363483|ORPHA:876,Testicular teratoma,Yolk sac tumor,ORPHA:363483,ORPHA:876,TGCT|Teratoma of the testis|germ cell neoplasm of testis|germ cell neoplasm of the testis|germ cell tumor of testis|germ cell tumor of the testis,Endodermal sinus tumor|TGCT|endodermal sinus neoplasm|endodermal sinus tumor|germ cell neoplasm of testis|germ cell neoplasm of the testis,A_close_relatives,1.00,60,0,rare,rare,15
ORPHA:1872|ORPHA:791,Cone rod dystrophy,Retinitis pigmentosa,ORPHA:1872,ORPHA:791,ABCA4 cone-rod dystrophy|AIPL1 Leber congenital amaurosis|C8orf37 cone-rod dystrophy|CACNA2D4 cone dystrophy|CDHR1 cone-rod dystrophy|CORD11,ABCA4 retinitis pigmentosa|AIPL1 Leber congenital amaurosis|ARL2BP retinitis pigmentosa|BBS2 retinitis pigmentosa|BEST1 retinitis pigmentosa|C8orf37 cone-rod dystrophy,A_close_relatives,0.38,78,0,rare,rare,332
ORPHA:33402|ORPHA:449,Pediatric hepatocellular carcinoma,Hepatoblastoma,ORPHA:33402,ORPHA:449,Childhood-onset HCC|Childhood-onset hepatocellular carcinoma|HCC|Paediatric carcinoma of the liver cell|Pediatric HCC|Pediatric carcinoma of the liver cell,"HBL|HCC|cancer, hepatocellular|carcinoma of liver|carcinoma of liver cells|carcinoma of the liver cells",A_close_relatives,0.31,2082,8,rare,rare,19
ORPHA:1186|ORPHA:363534,Infantile-onset spinocerebellar ataxia,"Mitochondrial DNA depletion syndrome, hepatocerebrorenal form",ORPHA:1186,ORPHA:363534,IOSCA|MTDPS7|OHAHA syndrome|Ohaha syndrome|Ophthalmoplegia-hypotonia-ataxia-hypoacusis-athetosis syndrome|SCA8 (formerly),IOSCA|OHAHA syndrome|Ohaha syndrome|TWNK autosomal recessive degenerative and progressive cerebellar ataxia|autosomal recessive degenerative and progressive cerebellar ataxia caused by mutation in TWNK|infantile onset spinocerebellar ataxia,A_close_relatives,0.89,3,0,rare,rare,42
ORPHA:207|ORPHA:93262,Crouzon syndrome,Crouzon syndrome-acanthosis nigricans syndrome,ORPHA:207,ORPHA:93262,Cfd1|Crouzon craniofacial dysostosis|Crouzon disease|Crouzon syndrome|craniofacial dysostosis|craniofacial dysostosis type 1,CAN|Chronic kidney allograft nephropathy|Crouzon syndrome - acanthosis nigricans|Crouzon syndrome with acanthosis nigricans|Crouzon-dermoskeletal syndrome|Crouzonodermoskeletal syndrome,A_close_relatives,0.37,1,0,rare,rare,2
ORPHA:16|ORPHA:1871,Blue cone monochromatism,Progressive cone dystrophy,ORPHA:16,ORPHA:1871,"Atypical X-linked achromatopsia|BCM|Blue cone monochromacy|CBBM|Color blindness, blue monocone monochromatic type|S cone monochromacy",Cone dystrophy|GUCA1A cone dystrophy|Progressive cone degeneration|Progressive cone dystrophy|cone dystrophy|cone dystrophy 3,A_close_relatives,0.39,2,0,rare,rare,14
ORPHA:163931|ORPHA:247353,Acrodermatitis continua of Hallopeau,Generalized pustular psoriasis,ORPHA:163931,ORPHA:247353,DITRA|GPP|IL36RN psoriasis|Interleukin 36 receptor antagonist deficiency|PSORP|PSORS14,DITRA|GPP|IL36RN psoriasis|Interleukin 36 receptor antagonist deficiency|PSORP|PSORS14,A_close_relatives,0.50,3,0,rare,rare,40
ORPHA:183|ORPHA:727,Eosinophilic granulomatosis with polyangiitis,Microscopic polyangiitis,ORPHA:183,ORPHA:727,Allergic granulomatosis angiitis (disorder)|CSS|Churg Strauss Syndrome|Churg Strauss syndrome|Churg-Strauss syndrome|Churg-Strauss vasculitis,Hypersensitivity angiitis|MPA|Micropolyangiitis|Microscopic polyarteritis|microscopic polyarteritis,A_close_relatives,0.30,4,0,rare,rare,641
ORPHA:55880|ORPHA:64720,Chondrosarcoma,Leiomyosarcoma,ORPHA:55880,ORPHA:64720,"chondrosarcoma|chondrosarcoma (disease)|chondrosarcoma of bone|chondrosarcoma, malignant|chondrosarcoma, somatic mutation","Leiomyosarcomas|leiomyosarcoma|leiomyosarcoma (excluding uterine leiomyosarcoma)|leiomyosarcoma - not uterine|leiomyosarcoma, malignant",A_close_relatives,0.33,20,0,rare,rare,177
ORPHA:2965|ORPHA:91349,Prolactinoma,Non-functioning pituitary adenoma,ORPHA:2965,ORPHA:91349,Forbes-Albright syndrome (formerly)|Lactotroph adenoma|PRL producing pituitary gland adenoma|PRL-secreting pituitary adenoma|PRLoma|Pituitary lactotrophic adenoma,NFPA|functionless adenoma of pituitary|functionless adenoma of pituitary gland|functionless adenoma of the pituitary|functionless adenoma of the pituitary gland|functionless pituitary adenoma,A_close_relatives,0.64,8,0,rare,rare,22
ORPHA:200421|ORPHA:2134,Immunodeficiency with factor H anomaly,Atypical hemolytic uremic syndrome,ORPHA:200421,ORPHA:2134,C3 glomerulopathy 1|CFH deficiency|CFHD|complement factor H deficiency|factor H deficiency|immunodeficiency with factor H anomaly,Atypical HUS|Atypical Hemolytic Uremic Syndrome|C3 glomerulopathy 1|CFH deficiency|D-HUS|D-HUS with B factor anomaly,A_close_relatives,0.35,3,0,rare,rare,7
ORPHA:646113|ORPHA:75840,Intermediate collagen VI-related muscular dystrophy,Ullrich congenital muscular dystrophy,ORPHA:646113,ORPHA:75840,Intermediate COL6-RD|Ullrich congenital muscular dystrophy 1,"COL12A1 Ullrich congenital muscular dystrophy|Congenital muscular dystrophy, Ullrich type|UCMD|UCMD1|Ullrich congenital muscular dystrophy 1|Ullrich congenital muscular dystrophy 2",A_close_relatives,0.45,4,0,rare,rare,2
ORPHA:3406|ORPHA:79100,Ulerythema ophryogenesis,Atrophoderma vermiculata,ORPHA:3406,ORPHA:79100,keratosis pilaris affecting the follicles of the eyebrow hairs|keratosis pilaris atrophicans|type of genodermatosis,Atrophodermia reticulata|Folliculitis ulerythematosa reticulate|atrophoderma vermiculata|atrophoderma vermiculatum|ava|folliculitis ulerythematosa,A_close_relatives,0.40,1,0,rare,rare,4
ORPHA:228329|ORPHA:228346,CLN1 disease,CLN3 disease,ORPHA:228329,ORPHA:228346,CLN1|CLN1 disease|CLN1 variable age at onset|NCL1|Neuronal ceroid lipofuscinosis type 1|PPT1 neuronal ceroid lipofuscinosis,"CLN3|CLN3 disease|CLN3 disease, juvenile|CLN3 neuronal ceroid lipofuscinosis|Juvenile CLN3 Disease|Neuronal ceroid lipofuscinosis type 3",B_phenotype_twins_diff_genes,0.30,0,0,rare,rare,6
ORPHA:189427|ORPHA:647782,Cushing syndrome due to bilateral macronodular adrenocortical disease,Isolated micronodular adrenocortical disease,ORPHA:189427,ORPHA:647782,"ACTH-independent Cushing syndrome|ACTH-independent macronodular adrenal hyperplasia|ACTH-independent macronodular adrenal hyperplasia 1|ACTH-independent macronodular adrenal hyperplasia, Somatic mutation|ACTH-independent macronodular adrenocortical hyperplasia|AIMAH","PDE8B primary pigmented nodular adrenocortical disease|PRKAR1A primary pigmented nodular adrenocortical disease|i-MAD|pigmented nodular adrenocortical disease, primary, 1|pigmented nodular adrenocortical disease, primary, 3|pigmented nodular adrenocortical disease, primary, type 1",B_phenotype_twins_diff_genes,0.32,0,0,rare,rare,1
ORPHA:147|ORPHA:664,Carbamoyl-phosphate synthetase 1 deficiency,Ornithine transcarbamylase deficiency,ORPHA:147,ORPHA:664,CPS I deficiency|CPS1 deficiency|CPS1D|Carbamoyl-Phosphate Synthase I Deficiency Disease|Carbamoyl-phosphate synthase 1 deficiency|Carbamoyl-phosphate synthase deficiency,OCT deficiency|OTC deficiency|OTCD|Ornithine carbamoyltransferase deficiency|deficiency of citrulline phosphorylase|ornithine carbamoyltransferase deficiency,B_phenotype_twins_diff_genes,0.38,0,1,rare,rare,18
ORPHA:79277|ORPHA:95159,Congenital erythropoietic porphyria,Hepatoerythropoietic porphyria,ORPHA:79277,ORPHA:95159,CEP|Congenital Erythropoietic Porphyria|Günther disease|UROS-related erythropoietic porphyria|congenital porphyria|cutaneous porphyria,"HEP|hereditary porphyria cutanea tarda|porphyria cutanea tarda type II|porphyria cutanea tarda, susceptibility to",B_phenotype_twins_diff_genes,0.49,0,0,rare,rare,16
ORPHA:603|ORPHA:609,"Distal myopathy, Welander type",Tibial muscular dystrophy,ORPHA:603,ORPHA:609,"WDM|Welander distal myopathy|Welander distal myopathy, Swedish type|distal myopathy, Swedish type","Distal myopathy, Udd type|Distal titinopathy|Finnish tibial muscular dystrophy|TMD|Udd myopathy|distal myopathy, Udd type",B_phenotype_twins_diff_genes,0.40,0,0,rare,rare,5
ORPHA:228349|ORPHA:228360,CLN2 disease,CLN5 disease,ORPHA:228349,ORPHA:228360,"CLN2|CLN2 disease|CLN2 disease, juvenile (subtype)|CLN2 disease, late infantile (subtype)|NCL2|Neuronal ceroid lipofuscinosis type 2","CLN5|CLN5 disease|CLN5 disease, adult|CLN5 disease, juvenile|CLN5 disease, late infantile (subtype)|CLN5 neuronal ceroid lipofuscinosis",B_phenotype_twins_diff_genes,0.33,0,0,rare,rare,1
ORPHA:274|ORPHA:849,Bernard-Soulier syndrome,Glanzmann thrombasthenia,ORPHA:274,ORPHA:849,"BSS|Bernard-Soulier syndrome|Giant platelet syndrome|Hemorrhagiparous thrombocytic dystrophy|Platelet glycoprotein 1b, deficiency of|deficiency of platelet glycoprotein 1b",BDPLT2|Diacyclothrombopathia 2B 3A|GT|Glanzmann thrombasthenia|Glanzmann thrombasthenia 1|Glanzmann thrombasthenia type A,B_phenotype_twins_diff_genes,0.31,0,0,rare,rare,72
ORPHA:189427|ORPHA:647772,Cushing syndrome due to bilateral macronodular adrenocortical disease,Isolated primary pigmented nodular adrenocortical disease,ORPHA:189427,ORPHA:647772,"ACTH-independent Cushing syndrome|ACTH-independent macronodular adrenal hyperplasia|ACTH-independent macronodular adrenal hyperplasia 1|ACTH-independent macronodular adrenal hyperplasia, Somatic mutation|ACTH-independent macronodular adrenocortical hyperplasia|AIMAH","Isolated PPNAD|PRKAR1A primary pigmented nodular adrenocortical disease|i-PPNAD|pigmented nodular adrenocortical disease, primary, 1|pigmented nodular adrenocortical disease, primary, type 1|primary pigmented nodular adrenocortical disease caused by mutation in PRKAR1A",B_phenotype_twins_diff_genes,0.30,0,0,rare,rare,1
ORPHA:134|ORPHA:20,Beta-ketothiolase deficiency,3-hydroxy-3-methylglutaric aciduria,ORPHA:134,ORPHA:20,3-ketothiolase deficiency|3-oxothiolase deficiency|Alpha methylacetoacetic aciduria|Alpha-methyl-acetoacetyl-CoA thiolase deficiency|BKT|Beta ketothiolase deficiency,3-OH 3-Methyl glutaric aciduria|3-hydroxy-3-methylglutaric aciduria|3-hydroxy-3-methylglutaryl-CoA lyase deficiency|HMG CoA lyase deficiency|HMG-CoA lyase deficiency|HMGCLD,B_phenotype_twins_diff_genes,0.31,0,0,rare,rare,4
ORPHA:79273|ORPHA:79276,Hereditary coproporphyria,Acute intermittent porphyria,ORPHA:79273,ORPHA:79276,"CPRO deficiency|HCP|coproporphyria|coproporphyria hereditary|coproporphyria, hereditary|coproporphyrinogen oxidase deficiency","AIP|HMBS deficiency|acute intermittent porphyria|hydroxymethylbilane synthase deficiency|porphyria, acute intermittent",B_phenotype_twins_diff_genes,0.34,0,0,rare,rare,109
ORPHA:247525|ORPHA:664,Citrullinemia type I,Ornithine transcarbamylase deficiency,ORPHA:247525,ORPHA:664,ASS deficiency|Argininosuccinate synthase deficiency|Argininosuccinate synthetase deficiency|Argininosuccinic acid synthase deficiency|Argininosuccinic acid synthetase deficiency|CTLN1,OCT deficiency|OTC deficiency|OTCD|Ornithine carbamoyltransferase deficiency|deficiency of citrulline phosphorylase|ornithine carbamoyltransferase deficiency,B_phenotype_twins_diff_genes,0.31,0,0,rare,rare,25
ORPHA:103909|ORPHA:35122,Trehalase deficiency,Congenital sucrase-isomaltase deficiency,ORPHA:103909,ORPHA:35122,Isolated trehalose intolerance|isolated trehalose intolerance,CSID|Congenital sucrose intolerance|Disaccharide intolerance|congenital sucrase-isomaltase deficiency|congenital sucrose intolerance|congenital sucrose-isomaltase malabsorption,B_phenotype_twins_diff_genes,0.33,0,0,rare,rare,1
ORPHA:732|ORPHA:81,Polymyositis,Antisynthetase syndrome,ORPHA:732,ORPHA:81,"Myositis, Multiple|PM|Polymyositis (disorder)|Polymyositis Ossificans|Polymyositis, Idiopathic|multiple myositis",AS syndrome|ASS|ASyS|Anti-ARS syndrome|Anti-Jo1 syndrome|Anti-Synthetase Syndrome,B_phenotype_twins_diff_genes,0.30,0,0,rare,rare,1257
ORPHA:3203|ORPHA:98868,Overhydrated hereditary stomatocytosis,Southeast Asian ovalocytosis,ORPHA:3203,ORPHA:98868,OHS|OHST|Potassium sodium disorder of erythrocyte|overhydrated hereditary stomatocytosis|stomatocytosis I,Hereditary ovalocytosis|Melanesian elliptocytosis|Melanesian ovalocytosis|SAO|Stomatocytic elliptocytosis|hereditary ovalocytosis,B_phenotype_twins_diff_genes,0.31,0,0,rare,rare,3
ORPHA:293381|ORPHA:98957,Epithelial recurrent erosion dystrophy,Gelatinous drop-like corneal dystrophy,ORPHA:293381,ORPHA:98957,Dystrophia Helsinglandica|Dystrophia Smolandiensis|ERED|Recurrent hereditary corneal erosions|dystrophia Helsinglandica|dystrophia Smolandiensis,"CDGDL|GDCD|GDLD|Primary familial amyloidosis of the cornea|Subepithelial amyloidosis of the cornea|amyloid corneal dystrophy, Japanese type",B_phenotype_twins_diff_genes,0.35,0,0,rare,rare,1
ORPHA:293381|ORPHA:98960,Epithelial recurrent erosion dystrophy,Thiel-Behnke corneal dystrophy,ORPHA:293381,ORPHA:98960,Dystrophia Helsinglandica|Dystrophia Smolandiensis|ERED|Recurrent hereditary corneal erosions|dystrophia Helsinglandica|dystrophia Smolandiensis,Anterior limiting membrane dystrophy type 2|Anterior limiting membrane dystrophy type II|CDB2|CDTB|Corneal dystrophy of Bowman layer type 2|Corneal dystrophy of Bowman layer type II,B_phenotype_twins_diff_genes,0.32,0,0,rare,rare,3
ORPHA:168811|ORPHA:168829,Malignant peritoneal mesothelioma,Primary peritoneal carcinoma,ORPHA:168811,ORPHA:168829,Diffuse malignant peritoneal mesothelioma|Primary malignant peritoneal mesothelioma|advanced malignant mesothelioma of peritoneum|advanced malignant mesothelioma of the peritoneum|advanced malignant peritoneal mesothelioma|advanced peritoneal malignant mesothelioma,EOPPC|Extra-ovarian primary peritoneal carcinoma|PPC|Primary peritoneal serous carcinoma|Serous surface papillary carcinoma|primary peritoneal cancer,B_phenotype_twins_diff_genes,0.33,0,0,rare,rare,9
ORPHA:147|ORPHA:247525,Carbamoyl-phosphate synthetase 1 deficiency,Citrullinemia type I,ORPHA:147,ORPHA:247525,CPS I deficiency|CPS1 deficiency|CPS1D|Carbamoyl-Phosphate Synthase I Deficiency Disease|Carbamoyl-phosphate synthase 1 deficiency|Carbamoyl-phosphate synthase deficiency,ASS deficiency|Argininosuccinate synthase deficiency|Argininosuccinate synthetase deficiency|Argininosuccinic acid synthase deficiency|Argininosuccinic acid synthetase deficiency|CTLN1,B_phenotype_twins_diff_genes,0.39,0,0,rare,rare,7
ORPHA:183|ORPHA:39812,Eosinophilic granulomatosis with polyangiitis,Graft versus host disease,ORPHA:183,ORPHA:39812,Allergic granulomatosis angiitis (disorder)|CSS|Churg Strauss Syndrome|Churg Strauss syndrome|Churg-Strauss syndrome|Churg-Strauss vasculitis,"GVH|GVHD|GvHD|disease, graft-versus-host|disease, graft-vs-host|disease, homologous wasting",C_genetic_cousins,0.04,2,0,rare,rare,3
ORPHA:739|ORPHA:778,Prader-Willi syndrome,Rett syndrome,ORPHA:739,ORPHA:778,PWS|PWS due to point mutation|Prader-Labhart-Willi syndrome|Prader-Willi syndrome|Prader-Willi syndrome due to point mutation|Prader-Willi-Labhart syndrome,"Autism Dementia Ataxia Loss of Purposeful Hand Use Syndrome|Autism-Dementia-Ataxia-Loss of Purposeful Hand Use Syndrome|Cerebroatrophic Hyperammonemia|Cerebroatrophic Hyperammonemias|Cerebroatrophic hyperammonaemia|Hyperammonemia, Cerebroatrophic",C_genetic_cousins,0.07,1,0,rare,rare,36
ORPHA:1243|ORPHA:3086,Best vitelliform macular dystrophy,Autosomal dominant vitreoretinochoroidopathy,ORPHA:1243,ORPHA:3086,BEST1 retinopathy|BMD|BVMD|Best Vitelliform Macular Dystrophy|Best disease|Best macular dystrophy,ADVIRC|VRCP|VRCP autosomal dominant|vitreoretinochoroidopathy|vitreoretinochoroidopathy dominant,C_genetic_cousins,0.07,2,0,rare,rare,10
ORPHA:29073|ORPHA:732,Multiple myeloma,Polymyositis,ORPHA:29073,ORPHA:732,Kahler disease|Kahler's disease|Medullary plasmacytoma|Multiple Myeloma|Myelomatosis|Plasma cell myeloma,"Myositis, Multiple|PM|Polymyositis (disorder)|Polymyositis Ossificans|Polymyositis, Idiopathic|multiple myositis",C_genetic_cousins,0.02,6,0,rare,rare,16
ORPHA:56304|ORPHA:93307,Atelosteogenesis type II,Multiple epiphyseal dysplasia type 4,ORPHA:56304,ORPHA:93307,AO2|AOII|Atelosteogenesis type 2|De la Chapelle dysplasia|Neonatal osseous dysplasia type 1|atelosteogenesis II,Autosomal recessive multiple epiphyseal dysplasia|EDM4|MED4|Polyepiphyseal dysplasia type 4|Recessive Multiple Epiphyseal Dysplasia|SLC26A2 multiple epiphyseal dysplasia (disease),C_genetic_cousins,0.12,1,0,rare,rare,8
ORPHA:425120|ORPHA:481662,STING-associated vasculopathy with onset in infancy,Familial Chilblain lupus,ORPHA:425120,ORPHA:481662,"SAVI|STING-associated vasculopathy, infantile-onset",Chilblain lupus type 2|SAMHD1 chilblain lupus|TREX1 chilblain lupus|chilblain lupus 1|chilblain lupus 2|chilblain lupus caused by mutation in SAMHD1,C_genetic_cousins,0.12,1,0,rare,rare,2
ORPHA:249|ORPHA:963,Fibrous dysplasia of bone,Acromegaly,ORPHA:249,ORPHA:963,Osteofibrous dysplasia|fibrous dysplasia of bone,"Growth hormone excess|pituitary adenoma 1, multiple types, autosomal dominant, somatic mutation|pituitary adenoma predisposition, autosomal dominant, somatic mutation|pituitary adenoma, growth hormone-secreting, type 1|pituitary giant|somatotroph adenoma",C_genetic_cousins,0.03,1,0,rare,rare,12
ORPHA:319303|ORPHA:805,Chromophobe renal cell carcinoma,Tuberous sclerosis complex,ORPHA:319303,ORPHA:805,CHRCC|CRCC|ChRCC|Chromophobe renal cell adenocarcinoma|chromophobe adenocarcinoma|chromophobe carcinoma,Bourneville disease|Bourneville syndrome|Bourneville's disease|Bourneville's syndrome|TSC|TSC1 tuberous sclerosis,C_genetic_cousins,0.00,3,0,rare,rare,10
ORPHA:319|ORPHA:370348,Skeletal Ewing sarcoma,Peripheral primitive neuroectodermal tumor,ORPHA:319,ORPHA:370348,ES|Ewing family tumor|Ewing sarcoma|Ewing tumor|Ewing tumour|Ewing's family localised tumour,ES|Ewing family tumor|Ewing sarcoma|Ewing's family localised tumour|Ewing's family localized tumor|Ewing's sarcoma,C_genetic_cousins,0.05,91,0,rare,rare,4
ORPHA:206|ORPHA:913,NON RARE IN EUROPE: Crohn disease,Zollinger-Ellison syndrome,ORPHA:206,ORPHA:913,"CROHN DIS|CROHNS DIS|Colitis, Granulomatous|Crohn disease|Crohn's associated gastritis|Crohn's disease",Gastrinoma|Z E syndrome|ZES|Zollinger Ellison syndrome|Zollinger-Ellison syndrome|Zollinger-Ellison syndrome (disease),C_genetic_cousins,0.05,2,0,rare,rare,2
ORPHA:411533|ORPHA:85414,NON RARE IN EUROPE: Melanoma,Systemic-onset juvenile idiopathic arthritis,ORPHA:411533,ORPHA:85414,"Naevocarcinoma|malignant melanoma|melanoma|melanoma (disease)|melanoma, malignant","Arthritis (juvenile idiopathic)|Arthritis, Juvenile Rheumatoid|JIA|Juvenile chronic arthritis|Juvenile chronic arthritis (disorder)|Juvenile idiopathic arthritis",C_genetic_cousins,0.00,24,0,rare,rare,2
ORPHA:166286|ORPHA:477,Porokeratotic eccrine ostial and dermal duct nevus,KID syndrome,ORPHA:166286,ORPHA:477,Comedo nevus of the palm|Porokeratotic eccrine duct and hair follicle Nevus|Porokeratotic eccrine nevus|comedo nevus of the palm|linear eccrine Nevus with comedones,"Ichthyosis hystrix Rheydt type|KID syndrome, autosomal dominant|KID/HID syndrome|Keratitis - ichthyosis - deafness/Hystrix-like ichthyosis - deafness|Keratitis Ichthyosis Deafness Syndrome|Keratitis-ichthyosis-deafness/Hystrix-like ichthyosis-deafness syndrome",C_genetic_cousins,0.00,1,0,rare,rare,4
ORPHA:791|ORPHA:892,Retinitis pigmentosa,Von Hippel-Lindau disease,ORPHA:791,ORPHA:892,ABCA4 retinitis pigmentosa|AIPL1 Leber congenital amaurosis|ARL2BP retinitis pigmentosa|BBS2 retinitis pigmentosa|BEST1 retinitis pigmentosa|C8orf37 cone-rod dystrophy,Familial cerebelloretinal angiomatosis|Lindau disease|VHL|VHL syndrome|VHL-related von Hippel-Lindau disease|Von Hippel Lindau disease,C_genetic_cousins,0.04,1,0,rare,rare,2
ORPHA:86871|ORPHA:98841,T-cell prolymphocytic leukemia,Anaplastic large cell lymphoma,ORPHA:86871,ORPHA:98841,"CLL, T-cell|T cell CLL|T cell chronic lymphocytic leukaemia|T cell chronic lymphocytic leukemia|T cell prolymphocytic leukaemia|T cell prolymphocytic leukemia",ALCL|CD30 Positive anaplastic large cell lymphoma|CD30 positive anaplastic large cell lymphoma|Ki-1 lymphoma|Ki-1 positive anaplastic large cell lymphoma|Ki-1+ ALCL,C_genetic_cousins,0.00,32,0,rare,rare,6
ORPHA:448237|ORPHA:99828,Zika virus disease,Dengue fever,ORPHA:448237,ORPHA:99828,ZikV infection|Zika|Zika fever|Zika virus caused disease or disorder|Zika virus disease|Zika virus disease or disorder,DENV infection|DF|Dengue|Dengue fever|Dengue virus caused disease or disorder|Dengue virus disease or disorder,C_genetic_cousins,0.12,4,0,rare,rare,152
ORPHA:40050|ORPHA:85138,NON RARE IN EUROPE: Psoriatic arthritis,Addison disease,ORPHA:40050,ORPHA:85138,"Arthritic Psoriasis|Arthritis, Psoriatic|PsA|Psoriasis Arthropathica|Psoriasis, Arthritic|arthritis psoriatica",Addison disease|Addison's disease|Autoimmune Addison disease|Autoimmune adrenalitis|CPAI|Classic Addison disease,C_genetic_cousins,0.00,3,0,rare,rare,16
ORPHA:521399|ORPHA:797,NON RARE IN EUROPE: Non rare obesity,Sarcoidosis,ORPHA:521399,ORPHA:797,Adiposis|Adiposity|Having too much body fat|Obese|Obese (finding)|Obesity (disorder),BESNIER BOECK DIS|Benign lymphogranulomatosis of Schaumann|Besnier Boeck Disease|Besnier Boeck Schaumann Syndrome|Besnier-Boeck Disease|Besnier-Boeck-Schaumann disease,C_genetic_cousins,0.01,11,0,rare,rare,6
ORPHA:668|ORPHA:89936,Osteosarcoma,X-linked hypophosphatemia,ORPHA:668,ORPHA:89936,OS|Osteogenic sarcoma|bone osteosarcoma|osteogenic sarcoma|osteoid sarcoma|osteosarcoma,HPDR|HYP|X-linked dominant hypophosphatemic rickets|X-linked hereditary hypophosphatemic rickets|X-linked hypophosphatemia|X-linked hypophosphatemic rickets,C_genetic_cousins,0.01,1,0,rare,rare,3
ORPHA:2108|ORPHA:2710,Hallermann-Streiff syndrome,Oculodentodigital dysplasia,ORPHA:2108,ORPHA:2710,FranC'ois dyscephalic syndrome|Francois dyscephalic syndrome|François dyscephalic syndrome|HSS|Hallermann Streiff Francois syndrome|Hallermann Streiff syndrome,Meyer-Schwickerath syndrome|Meyer-Schwickerath-Weyers syndrome|ODDD|ODDD syndrome|ODOD syndrome|Oculo-Dento-Digital Dysplasia,C_genetic_cousins,0.13,1,0,rare,rare,4
ORPHA:251589|ORPHA:636,Astrocytoma grade 3,Neurofibromatosis type 1,ORPHA:251589,ORPHA:636,"Anaplastic astrocytoma|anaplastic astrocytoma|astrocytoma, anaplastic, malignant|grade III astrocytic neoplasm|grade III astrocytic tumor|grade III astrocytic tumour",17q11 microdeletion syndrome|Acoustic neurofibromatosis|Del(17)(q11)|MMFD|Monosomy 17q11|NF1,C_genetic_cousins,0.00,12,0,rare,rare,10
ORPHA:33276|ORPHA:635,Kaposi sarcoma,Neuroblastoma,ORPHA:33276,ORPHA:635,"HHV8|KS|KSHV|Kaposi sarcoma|Kaposi sarcoma herpesvirus|Kaposi sarcoma, susceptibility to",(neuroblastoma NOS) or (sympathicoblastoma)|ALK neuroblastoma|Central neuroblastoma|NB|NB - Neuroblastoma|NBLST2,C_genetic_cousins,0.07,34,0,rare,rare,4
ORPHA:2331|ORPHA:767,Kawasaki disease,Polyarteritis nodosa,ORPHA:2331,ORPHA:767,Kawasaki disease|Kawasaki syndrome|Mucocutaneous lymph node syndrome|acute febrile mucocutaneous lymph node syndrome|acute febrile mucocutaneous lymph node syndrome [MCLS]|infantile polyarteritis nodosa,Küssmaul-Maier disease|PAN|Periarteritis nodosa|classic polyarteritis nodosa|classical polyarteritis nodosa|panarteritis nodosa,C_genetic_cousins,0.07,1,0,rare,rare,120
ORPHA:1652|ORPHA:534,Dent disease,Oculocerebrorenal syndrome of Lowe,ORPHA:1652,ORPHA:534,CLCN5 Dent disease|CLCN5 X-linked hypophosphatemic rickets|Dent disease 1|Dent disease 2|Dent disease caused by mutation in CLCN5|Dent disease caused by mutation in OCRL,Lowe disease|Lowe oculo-cerebro-renal dystrophy|Lowe oculo-cerebro-renal syndrome|Lowe oculocerebrorenal dystrophy|Lowe oculocerebrorenal syndrome|Lowe syndrome,C_genetic_cousins,0.11,1,0,rare,rare,12
ORPHA:199|ORPHA:502,Cornelia de Lange syndrome,Trichorhinophalangeal syndrome type 2,ORPHA:199,ORPHA:502,Brachmann-de Lange syndrome|CDLS|Cornelia de Lange syndrome,Giedion-Langer syndrome|Langer Giedion syndrome|Langer-Giedion syndrome|MGS|MUNGAN syndrome|TRPS 2,C_genetic_cousins,0.15,2,0,rare,rare,8
ORPHA:199348|ORPHA:506,Thiamine-responsive encephalopathy,Leigh syndrome,ORPHA:199348,ORPHA:506,"BBGD|BTBGD|THMD2|biotin-responsive basal ganglia disease|biotin-thiamine-responsive basal ganglia disease|encephalopathy, thiamine-responsive",Infantile subacute necrotizing encephalopathy|LS|LSS|Leigh disease|Leigh syndrome|Leigh syndrome spectrum,C_genetic_cousins,0.05,1,0,rare,rare,7
ORPHA:370348|ORPHA:83469,Peripheral primitive neuroectodermal tumor,Desmoplastic small round cell tumor,ORPHA:370348,ORPHA:83469,ES|Ewing family tumor|Ewing sarcoma|Ewing's family localised tumour|Ewing's family localized tumor|Ewing's sarcoma,DSRCT|Desmoplas. small round cell tumor|Desmoplas. small round cell tumour|Desmoplastic small round cell tumor|Desmoplastic small round cell tumour|Desmoplastic small round-cell neoplasm,C_genetic_cousins,0.14,29,0,rare,rare,103
ORPHA:2126|ORPHA:616,Solitary fibrous tumor,Medulloblastoma,ORPHA:2126,ORPHA:616,"SFT|hemangiopericytoma, malignant|localised fibrous mesothelioma|localised fibrous tumour|localized fibrous mesothelioma|localized fibrous tumor",CPNET|MDB|brain medulloblastoma|cerebellum embryonal neoplasm|infratentorial primitive neuroectodermal tumour|localised primitive neuroectodermal tumour,C_genetic_cousins,0.05,12,0,rare,rare,4
ORPHA:1775|ORPHA:263413,Dyskeratosis congenita,Angiosarcoma,ORPHA:1775,ORPHA:263413,DC|DKC|DKCA2|DKCA3|DKCA6|DKCB1,"angiosarcoma|angiosarcoma (disease)|blood vessel sarcoma|hemangiosarcoma|hemangiosarcoma, malignant|malignant angioendothelioma",C_genetic_cousins,0.00,4,0,rare,rare,3
ORPHA:251612|ORPHA:46135,Pilocytic astrocytoma,Primary central nervous system lymphoma,ORPHA:251612,ORPHA:46135,"astrocytoma, benign|astrocytoma, pilocytic, benign|grade I astrocytic neoplasm|grade I astrocytic tumor|grade I astrocytic tumour|grade I astrocytoma",CNS lymphoma|PCNSL|Primary CNS lymphoma|Primary brain lymphoma|central nervous system lymphoma|lymphoma of central nervous system,C_genetic_cousins,0.00,27,0,rare,rare,4
ORPHA:247834|ORPHA:827,Occult macular dystrophy,Stargardt disease,ORPHA:247834,ORPHA:827,Miyake disease|OCMD|OMD|occult macular dystrophy,EOSRD|Fundus flavimaculatus|PROM1 Stargardt disease|SECORD|Stargardt 1|Stargardt disease 1,C_genetic_cousins,0.08,2,0,rare,rare,7
ORPHA:454714|ORPHA:67038,Plasma cell leukemia,B-cell chronic lymphocytic leukemia,ORPHA:454714,ORPHA:67038,"PCL|leukaemia plasmacytic|leukemia plasmacytic|leukemia, plasma cell|plasma cell leukemia|plasmacytic leukaemia",B cell CLL|B cell chronic lymphocytic leukaemia|B cell chronic lymphocytic leukemia|B cell lymphocytic leukaemia|B cell lymphocytic leukemia|B-CLL,C_genetic_cousins,0.00,44,0,rare,rare,5
ORPHA:101068|ORPHA:98973,Congenital stromal corneal dystrophy,Posterior polymorphous corneal dystrophy,ORPHA:101068,ORPHA:98973,"CSCD|Congenital hereditary stromal dystrophy|Witschel dystrophy|congenital hereditary stromal dystrophy|congenital stromal corneal dystrophy|corneal dystrophy, congenital stromal",Maumenee corneal dystrophy|PPCD|PPCD1|PPCD3|Posterior polymorphous dystrophy|Ppcd1,C_genetic_cousins,0.10,1,0,rare,rare,2
ORPHA:191|ORPHA:84,Cockayne syndrome,Fanconi anemia,ORPHA:191,ORPHA:84,COFS syndrome caused by mutation in ERCC2|COFS syndrome caused by mutation in ERCC6|COFS1|COFS2|Cockayne Syndrome Type 3|Cockayne Syndrome Type C,DNA repair protein XRCC9|ERCC4 Fanconi anaemia|ERCC4 Fanconi anemia|FA-H|FA3|FA4,C_genetic_cousins,0.10,2,0,rare,rare,28
ORPHA:342|ORPHA:793,Familial Mediterranean fever,SAPHO syndrome,ORPHA:342,ORPHA:793,Benign paroxysmal peritonitis|Benign recurrent polyserositis|FMF|Familial paroxysmal polyserositis|Fiebre mediterránea familiar|Periodic disease,"Acquired Hyperostosis Syndrome|PPHS|Pustulo-psoriatic hyperostotic Spondyloarthritis|Synovitis, acne, pustulosis palmaris, hyperostosis, osteomyelitis syndrome|Synovitis-acne-pustulosis-hyperostosis-osteitis syndrome|acquired hyperostosis syndrome",C_genetic_cousins,0.07,1,0,common,rare,4
ORPHA:1041|ORPHA:648,Hydrops fetalis,Noonan syndrome,ORPHA:1041,ORPHA:648,Fetal anasarca|Fetal hydrops|Generalized fetal edema|HF|familial non-immune hydrops fetalis|fetal anasarca,BRAF Noonan syndrome|KRAS Noonan syndrome|KRAS gene related Noonan syndrome|LZTR1 Noonan syndrome|NRAS Noonan syndrome|NS10,C_genetic_cousins,0.02,4,0,rare,rare,36
ORPHA:275555|ORPHA:2965,Preeclampsia,Prolactinoma,ORPHA:275555,ORPHA:2965,"CORIN preeclampsia|Corin preeclampsia|EPH - Edema, proteinuria and hypertension of pregnancy|EPH - Oedema, proteinuria and hypertension of pregnancy|EPH Complex|EPH Gestosis",Forbes-Albright syndrome (formerly)|Lactotroph adenoma|PRL producing pituitary gland adenoma|PRL-secreting pituitary adenoma|PRLoma|Pituitary lactotrophic adenoma,C_genetic_cousins,0.02,1,0,rare,rare,2
ORPHA:2126|ORPHA:44890,Solitary fibrous tumor,Gastrointestinal stromal tumor,ORPHA:2126,ORPHA:44890,"SFT|hemangiopericytoma, malignant|localised fibrous mesothelioma|localised fibrous tumour|localized fibrous mesothelioma|localized fibrous tumor","GANT|GIST|Gastrointestinal Stromal Neoplasms|Gastrointestinal Stromal Tumors|Gastrointestinal stromal sarcoma|Neoplasm, Gastrointestinal Stromal",C_genetic_cousins,0.04,20,0,rare,rare,63
ORPHA:95455|ORPHA:99977,Stevens-Johnson syndrome/toxic epidermal necrolysis spectrum,Squamous cell carcinoma of the esophagus,ORPHA:95455,ORPHA:99977,"Dermatostomatitis, Stevens Johnson type|Epidermal necrolysis|Lyell syndrome|Lyell's syndrome|SJS-TEN|Stevens Johnson syndrome",ESCC|Esophageal epidermoid carcinoma|Esophageal squamous cell carcinoma|cancer of esophagus|cancer of oesophagus|esophageal cancer,C_genetic_cousins,0.01,6,0,rare,rare,4
ORPHA:545|ORPHA:86852,Follicular lymphoma,B-cell prolymphocytic leukemia,ORPHA:545,ORPHA:86852,follicle center lymphoma|follicle centre lymphoma|follicular center cell lymphoma|follicular centre cell lymphoma|follicular non-Hodgkin lymphoma|follicular non-Hodgkin's lymphoma,B prolymphocytic leukaemia|B prolymphocytic leukemia|B-PLL|B-cell prolymphocytic leukemia|BPLL,C_genetic_cousins,0.00,4,0,rare,rare,8
ORPHA:37202|ORPHA:586,Interstitial cystitis,Cystic fibrosis,ORPHA:37202,ORPHA:586,"Bladder pain syndrome|Cystitis, Interstitial|IC/BPS|IC/PBS|Interstitial cystitis|Interstitial cystitis/bladder pain syndrome",CF|CF - Cystic fibrosis|CYSTIC FIBROS W/O ILEUS|Cystic fibrosis (disorder)|Cystic fibrosis NOS|Cystic fibrosis NOS (disorder),C_genetic_cousins,0.01,4,0,rare,rare,2
ORPHA:570|ORPHA:718,Moebius syndrome,Isolated Pierre Robin sequence,ORPHA:570,ORPHA:718,MBS|Mobius syndrome|Moebius Syndrome|Moebius congenital oculofacial paralysis|Moebius sequence|Moebius syndrome,Isolated Pierre Robin syndrome|PRS|Pierre Robin Sequence|Pierre Robin syndrome skeletal dysplasia polydactyly|Pierre-Robin sequence|Pierre-robin anomaly,C_genetic_cousins,0.04,1,0,rare,rare,5
ORPHA:732|ORPHA:829,Polymyositis,Adult-onset Still disease,ORPHA:732,ORPHA:829,"Myositis, Multiple|PM|Polymyositis (disorder)|Polymyositis Ossificans|Polymyositis, Idiopathic|multiple myositis","AOSD|Adult-Onset Still's Disease|Still's Disease, Adult-Onset|Still's disease adult onset|Wissler-Fanconi syndrome|adult Still's disease",C_genetic_cousins,0.14,1,0,rare,rare,21
ORPHA:3287|ORPHA:93672,Takayasu arteritis,Juvenile dermatomyositis,ORPHA:3287,ORPHA:93672,"Arteritis, Takayasu|TA|Takayasu arteritis|Takayasu disease|Takayasu's arteritis|Takayasu's disease","Childhood Type Dermatomyositides|Childhood Type Dermatomyositis|Dermatomyositides, Childhood Type|Dermatomyositis, Childhood Type|JDM|JPM",C_genetic_cousins,0.14,5,0,rare,rare,6
ORPHA:34145|ORPHA:342,Immunoglobulin A nephropathy,Familial Mediterranean fever,ORPHA:34145,ORPHA:342,"Berger Disease|Berger disease|Berger's disease|Glomerulonephritis, IGA|IgA Nephropathy|IgA glomerulonephritis",Benign paroxysmal peritonitis|Benign recurrent polyserositis|FMF|Familial paroxysmal polyserositis|Fiebre mediterránea familiar|Periodic disease,C_genetic_cousins,0.05,2,0,rare,common,2
ORPHA:1501|ORPHA:502366,Adrenocortical carcinoma,Squamous cell carcinoma of the lip,ORPHA:1501,ORPHA:502366,"ACC|adenocarcinoma, adrenocortical, malignant|adrenal cortex adenocarcinoma|adrenal cortex cancer|adrenal cortex carcinoma|adrenal cortical adenocarcinoma",HNSCC|SCCHN|craniocervical region squamous cell carcinoma|head and neck squamous cell carcinoma|lip scc|lip squamous cell carcinoma,C_genetic_cousins,0.00,254,0,rare,rare,22
ORPHA:2199|ORPHA:87503,Epidermolytic palmoplantar keratoderma,Mal de Meleda,ORPHA:2199,ORPHA:87503,"Diffuse erythrodermic palmoplantar keratoderma, Voerner type|Diffuse erythrodermic palmoplantar keratoderma, Vörner type|EPPK|Epidermolytic palmoplantar keratoderma of Voerner|Epidermolytic palmoplantar keratoderma of Vörner|diffuse erythrodermic palmoplantar keratoderma, VC6rner type",MDM|Meleda Disease|Meleda disease|keratosis palmoplantaris transgradiens of Siemens|keratosis palmoplantaris transgrediens of Siemens|mal de Meleda,C_genetic_cousins,0.08,1,0,rare,rare,2
ORPHA:150|ORPHA:39812,Nasopharyngeal carcinoma,Graft versus host disease,ORPHA:150,ORPHA:39812,NCP|NPC|Squamous cell carcinoma of the nasopharynx|TP53 nasopharyngeal carcinoma|cancer of nasopharynx|cancer of the nasopharynx,"GVH|GVHD|GvHD|disease, graft-versus-host|disease, graft-vs-host|disease, homologous wasting",C_genetic_cousins,0.00,33,0,rare,rare,2
ORPHA:251899|ORPHA:635,Choroid plexus carcinoma,Neuroblastoma,ORPHA:251899,ORPHA:635,"anaplastic choroid plexus papilloma|cancer of choroid plexus|cancer of the choroid plexus|carcinoma of choroid plexus|carcinoma of the choroid plexus|carcinoma, choroid plexus, malignant",(neuroblastoma NOS) or (sympathicoblastoma)|ALK neuroblastoma|Central neuroblastoma|NB|NB - Neuroblastoma|NBLST2,C_genetic_cousins,0.02,32,0,rare,rare,10
ORPHA:485|ORPHA:932,Kniest dysplasia,Achondrogenesis,ORPHA:485,ORPHA:932,Kniest dysplasia,Achondrogenesis type 1A|Achondrogenesis type 1B|Achondrogenesis type 2|achondrogenesis Ib|achondrogenesis type IB|achondrogenesis type II,C_genetic_cousins,0.09,1,0,rare,rare,13
ORPHA:15|ORPHA:87,Achondroplasia,Apert syndrome,ORPHA:15,ORPHA:87,ACH|achondroplasia|achondroplastic dwarfism,ACS1|Acrocephalosyndactyly type 1|Apert syndrome|acrocephalo-syndactyly type 1|acrocephalosyndactyly type 1|acrocephalosyndactyly type I,C_genetic_cousins,0.07,1,0,rare,rare,28
ORPHA:29073|ORPHA:319658,Multiple myeloma,NON RARE IN EUROPE: Unexplained intellectual disability,ORPHA:29073,ORPHA:319658,Kahler disease|Kahler's disease|Medullary plasmacytoma|Multiple Myeloma|Myelomatosis|Plasma cell myeloma,intellectual disabilities|intellectual disability,C_genetic_cousins,0.00,1,0,rare,rare,3
ORPHA:521|ORPHA:729,Chronic myeloid leukemia,Polycythemia vera,ORPHA:521,ORPHA:729,BCR-ABL Positive chronic myelogenous leukaemia|BCR-ABL Positive chronic myelogenous leukemia|CML|CML - chronic myelogenous leukaemia|CML - chronic myelogenous leukemia|Chronic granulocytic leukemia,Acquired primary erythrocytosis|Osler-Vaquez disease|Osler-Vaquez syndrome|PRV|PV|Polycythemia rubra vera,C_genetic_cousins,0.10,67,0,rare,rare,245
ORPHA:183|ORPHA:54057,Eosinophilic granulomatosis with polyangiitis,Thrombotic thrombocytopenic purpura,ORPHA:183,ORPHA:54057,Allergic granulomatosis angiitis (disorder)|CSS|Churg Strauss Syndrome|Churg Strauss syndrome|Churg-Strauss syndrome|Churg-Strauss vasculitis,Congenital thrombotic thrombocytopenic purpura due to ADAMTS-13 deficiency|Moschcowitz disease|Moschowitz disease|TTP|Upshaw-Schulman syndrome|congenital ADAMTS-13 deficiency,C_genetic_cousins,0.07,2,0,rare,rare,2
ORPHA:300849|ORPHA:70568,Diffuse large B-cell lymphoma of the central nervous system,Post-transplant lymphoproliferative disease,ORPHA:300849,ORPHA:70568,CNS DLBCL|DLBCL of the CNS|central nervous system diffuse large B-cell lymphoma|diffuse large B-cell lymphoma of central nervous system|primary DLBCL of the CNS|primary diffuse large B-cell lymphoma of the central nervous system,PTLD|post-transplant lymphoproliferative disorder,C_genetic_cousins,0.00,24,0,rare,rare,2
ORPHA:319276|ORPHA:67038,Clear cell renal carcinoma,B-cell chronic lymphocytic leukemia,ORPHA:319276,ORPHA:67038,"CCRCC|Clear cell renal cell adenocarcinoma|Clear cell renal cell carcinoma|Grawitz tumor|Grawitz tumour|RCC, clear cell adenocarcinoma",B cell CLL|B cell chronic lymphocytic leukaemia|B cell chronic lymphocytic leukemia|B cell lymphocytic leukaemia|B cell lymphocytic leukemia|B-CLL,C_genetic_cousins,0.00,658,0,rare,rare,3
ORPHA:543|ORPHA:790,Burkitt lymphoma,Retinoblastoma,ORPHA:543,ORPHA:790,BL|Burkitt lymphoma|Burkitt lymphoma/leukaemia|Burkitt lymphoma/leukemia|Burkitt's lymphoma|Burkitt's tumor,"Bilateral retinoblastoma|RB|RB1|RB1-related retinoblastoma predisposition|eye cancer, retinoblastoma|familial retinoblastoma",C_genetic_cousins,0.04,100,0,rare,rare,109
ORPHA:324561|ORPHA:758,Hypopigmentation-punctate palmoplantar keratoderma syndrome,Pseudoxanthoma elasticum,ORPHA:324561,ORPHA:758,COLE disease|COLED|Cole disease|Guttate hypopigmentation and punctate palmoplantar keratoderma|Hypopigmentation and punctate keratosis of the palms and soles|guttate hypopigmentation,AR inherited pseudoxanthoma elasticum|Gronblad Strandberg syndrome|Gronblad-Strandberg syndrome|Gronblad-Strandberg-Touraine syndrome|PXE|Pseudoxanthoma Elasticum,C_genetic_cousins,0.01,1,0,rare,rare,2
ORPHA:3389|ORPHA:81,Tuberculosis,Antisynthetase syndrome,ORPHA:3389,ORPHA:81,"Disease, Koch's|Disease, Kochs|Infection due to Mycobacterium tuberculosis|Infection due to Mycobacterium tuberculosis (disorder)|Koch Disease|Koch's Disease",AS syndrome|ASS|ASyS|Anti-ARS syndrome|Anti-Jo1 syndrome|Anti-Synthetase Syndrome,C_genetic_cousins,0.00,1,0,rare,rare,4467
ORPHA:85414|ORPHA:93672,Systemic-onset juvenile idiopathic arthritis,Juvenile dermatomyositis,ORPHA:85414,ORPHA:93672,"Arthritis (juvenile idiopathic)|Arthritis, Juvenile Rheumatoid|JIA|Juvenile chronic arthritis|Juvenile chronic arthritis (disorder)|Juvenile idiopathic arthritis","Childhood Type Dermatomyositides|Childhood Type Dermatomyositis|Dermatomyositides, Childhood Type|Dermatomyositis, Childhood Type|JDM|JPM",C_genetic_cousins,0.14,5,1,rare,rare,5
ORPHA:47045|ORPHA:58208,Familial cold urticaria,NON RARE IN EUROPE: Pericarditis,ORPHA:47045,ORPHA:58208,FCAS|FCAS1|FCU|Familial cold autoinflammatory syndrome|Familial cold urticaria|NLRP3 familial cold autoinflammatory syndrome,inflammation of pericardium|pericarditis|pericarditis (disease)|pericardium inflammation,D_shared_treatment_diff_systems,0.00,1,1,rare,rare,1
ORPHA:228123|ORPHA:73263,Coccidioidomycosis,Zygomycosis,ORPHA:228123,ORPHA:73263,California disease|Coccidioides immitis caused disease or disorder|Coccidioides immitis disease or disorder|Coccidioides immitis infectious disease|Coccidioides infection|Desert fever,"Mucormycosis|Mucormycosis (disorder)|Mucormycosis, unspecified|Mucormycosis, unspecified (disorder)|Phycomycosis or Mucormycosis|Zygomycosis (disorder)",D_shared_treatment_diff_systems,0.13,0,1,rare,rare,50
ORPHA:707|ORPHA:99745,Plague,Typhoid,ORPHA:707,ORPHA:99745,Y. pestis infection|Yersinia pestis infection|Yersinia pestis infectious disease|Yersiniosis|plague,Typhoid fever|Typhoidal salmonellosis|enteric fever|typhoid|typhoid fever|typhoid infection,D_shared_treatment_diff_systems,0.15,0,1,rare,rare,3
ORPHA:342|ORPHA:575,Familial Mediterranean fever,Muckle-Wells syndrome,ORPHA:342,ORPHA:575,Benign paroxysmal peritonitis|Benign recurrent polyserositis|FMF|Familial paroxysmal polyserositis|Fiebre mediterránea familiar|Periodic disease,"MWS|Muckle Wells syndrome|Muckle-Wells syndrome|Neutrophilic urticaria|neutrophilic urticaria|urticaria, deafness and amyloidosis",D_shared_treatment_diff_systems,0.19,1,1,common,rare,47
ORPHA:182|ORPHA:228119,Chromomycosis,Fusariosis,ORPHA:182,ORPHA:228119,Chromoblastomycoses|Chromoblastomycosis|Chromomycoses|Chromomycosis|Mossy foot disease (disorder)|chromoblastomycosis,Fusarium caused disease or disorder|Fusarium disease or disorder|Fusarium infection|Fusarium infectious disease,D_shared_treatment_diff_systems,0.04,0,1,rare,rare,5
ORPHA:1304|ORPHA:707,Brucellosis,Plague,ORPHA:1304,ORPHA:707,Cyprus fever|Maltese fever|Rock fever|undulant fever,Y. pestis infection|Yersinia pestis infection|Yersinia pestis infectious disease|Yersiniosis|plague,D_shared_treatment_diff_systems,0.11,0,1,rare,rare,19
ORPHA:104|ORPHA:95,Leber hereditary optic neuropathy,Friedreich ataxia,ORPHA:104,ORPHA:95,"LHON|Leber Hereditary optic atrophy|Leber hereditary optic neuropathy|Leber optic atrophy|Leber’s disease|optic atrophy, Leber type",FA|FRDA|FRDA1|Friedreich ataxia|Friedreich ataxia 1|Friedreich ataxia type 1,D_shared_treatment_diff_systems,0.06,0,1,rare,rare,1
ORPHA:507|ORPHA:723,Leishmaniasis,Pneumocystosis,ORPHA:507,ORPHA:723,cutaneous leishmaniasis (subtype)|visceral leishmaniasis (subtype),PCP|PJP|Pneumocystis|Pneumocystis Pneumonia|Pneumocystis carinii pneumonia|Pneumocystis jirovecii pneumonia,D_shared_treatment_diff_systems,0.04,0,1,rare,rare,56
ORPHA:182|ORPHA:228123,Chromomycosis,Coccidioidomycosis,ORPHA:182,ORPHA:228123,Chromoblastomycoses|Chromoblastomycosis|Chromomycoses|Chromomycosis|Mossy foot disease (disorder)|chromoblastomycosis,California disease|Coccidioides immitis caused disease or disorder|Coccidioides immitis disease or disorder|Coccidioides immitis infectious disease|Coccidioides infection|Desert fever,D_shared_treatment_diff_systems,0.05,0,1,rare,rare,25
ORPHA:1163|ORPHA:1546,Aspergillosis,Cryptococcosis,ORPHA:1163,ORPHA:1546,Infection due to Aspergillus,Busse-Buschke's disease|Cryptococcus neoformans caused disease or disorder|Cryptococcus neoformans disease or disorder|Cryptococcus neoformans infectious disease|European cryptococcosis|cryptococcal infection,D_shared_treatment_diff_systems,0.14,0,2,rare,rare,456
ORPHA:228119|ORPHA:228123,Fusariosis,Coccidioidomycosis,ORPHA:228119,ORPHA:228123,Fusarium caused disease or disorder|Fusarium disease or disorder|Fusarium infection|Fusarium infectious disease,California disease|Coccidioides immitis caused disease or disorder|Coccidioides immitis disease or disorder|Coccidioides immitis infectious disease|Coccidioides infection|Desert fever,D_shared_treatment_diff_systems,0.19,0,1,rare,rare,7
ORPHA:3002|ORPHA:95455,Immune thrombocytopenia,Stevens-Johnson syndrome/toxic epidermal necrolysis spectrum,ORPHA:3002,ORPHA:95455,"AITP|ITP|Immune thrombocytopenic purpura|Immune thrombocytopenic purpura (disorder)|Purpura, Thrombocytopenic, Idiopathic|autoimmune thrombocytopenic purpura","Dermatostomatitis, Stevens Johnson type|Epidermal necrolysis|Lyell syndrome|Lyell's syndrome|SJS-TEN|Stevens Johnson syndrome",D_shared_treatment_diff_systems,0.01,1,4,rare,rare,1
ORPHA:3392|ORPHA:99745,Tularemia,Typhoid,ORPHA:3392,ORPHA:99745,Deerfly fever|Francisella tularensis caused disease or disorder|Francisella tularensis disease or disorder|Francisella tularensis infection|Francisella tularensis infectious disease|Ohara disease,Typhoid fever|Typhoidal salmonellosis|enteric fever|typhoid|typhoid fever|typhoid infection,D_shared_treatment_diff_systems,0.10,0,1,rare,rare,4
ORPHA:1489|ORPHA:2912,Whooping cough,Poliomyelitis,ORPHA:1489,ORPHA:2912,Bordetella infection|Bordetella pertussis caused disease or disorder|Bordetella pertussis disease or disorder|Bordetella pertussis infection|Bordetella pertussis infectious disease|Pertussis,Polia|acute poliomyelitis|infantile paralysis|polio|poliomyelitis,D_shared_treatment_diff_systems,0.00,0,5,rare,rare,28
ORPHA:1489|ORPHA:1679,Whooping cough,Diphtheria,ORPHA:1489,ORPHA:1679,Bordetella infection|Bordetella pertussis caused disease or disorder|Bordetella pertussis disease or disorder|Bordetella pertussis infection|Bordetella pertussis infectious disease|Pertussis,corynebacterium infection,D_shared_treatment_diff_systems,0.00,0,5,rare,rare,167
ORPHA:1304|ORPHA:99745,Brucellosis,Typhoid,ORPHA:1304,ORPHA:99745,Cyprus fever|Maltese fever|Rock fever|undulant fever,Typhoid fever|Typhoidal salmonellosis|enteric fever|typhoid|typhoid fever|typhoid infection,D_shared_treatment_diff_systems,0.08,0,1,rare,rare,74
ORPHA:538|ORPHA:90308,Lymphangioleiomyomatosis,Capillary-lymphatic-venous malformation with segmental distribution,ORPHA:538,ORPHA:90308,"LAM|lung lymphangioleiomyomatosis|lung lymphangiomyomatosis|lymphangioleiomyomatosis|lymphangioleiomyomatosis, somatic|lymphangiomyomatosis",CLVM with segmental distribution|KTS|Klippel Trenaunay syndrome|Klippel-Trenaunay Syndrome|Klippel-Trenaunay syndrome|Klippel-Trenaunay-Weber syndrome,D_shared_treatment_diff_systems,0.05,1,1,rare,rare,1
ORPHA:1163|ORPHA:73263,Aspergillosis,Zygomycosis,ORPHA:1163,ORPHA:73263,Infection due to Aspergillus,"Mucormycosis|Mucormycosis (disorder)|Mucormycosis, unspecified|Mucormycosis, unspecified (disorder)|Phycomycosis or Mucormycosis|Zygomycosis (disorder)",D_shared_treatment_diff_systems,0.14,0,3,rare,rare,887
ORPHA:228119|ORPHA:73263,Fusariosis,Zygomycosis,ORPHA:228119,ORPHA:73263,Fusarium caused disease or disorder|Fusarium disease or disorder|Fusarium infection|Fusarium infectious disease,"Mucormycosis|Mucormycosis (disorder)|Mucormycosis, unspecified|Mucormycosis, unspecified (disorder)|Phycomycosis or Mucormycosis|Zygomycosis (disorder)",D_shared_treatment_diff_systems,0.15,0,1,rare,rare,83
ORPHA:47045|ORPHA:575,Familial cold urticaria,Muckle-Wells syndrome,ORPHA:47045,ORPHA:575,FCAS|FCAS1|FCU|Familial cold autoinflammatory syndrome|Familial cold urticaria|NLRP3 familial cold autoinflammatory syndrome,"MWS|Muckle Wells syndrome|Muckle-Wells syndrome|Neutrophilic urticaria|neutrophilic urticaria|urticaria, deafness and amyloidosis",D_shared_treatment_diff_systems,0.22,2,1,rare,rare,104
ORPHA:3318|ORPHA:729,Essential thrombocythemia,Polycythemia vera,ORPHA:3318,ORPHA:729,ET|Essential thrombocytosis|JAK2 familial thrombocytosis|MPL familial thrombocytosis|essential thrombocytemia|essential thrombocythaemia,Acquired primary erythrocytosis|Osler-Vaquez disease|Osler-Vaquez syndrome|PRV|PV|Polycythemia rubra vera,D_shared_treatment_diff_systems,0.24,65,3,rare,rare,1996
ORPHA:214|ORPHA:905,Cystinuria,Wilson disease,ORPHA:214,ORPHA:905,"CSNU|Cystinuria-lysinuria syndrome|cystinuria|cystinuria (disease)|cystinuria, type non-I|cystinuria-lysinuria",Hepatolenticular degeneration|WD|Westphal-Strumpell syndrome|Wilson disease|Wilson's disease|hepatolenticular degeneration,D_shared_treatment_diff_systems,0.02,0,1,rare,rare,29
ORPHA:355|ORPHA:618891,Gaucher disease,Chronic neurovisceral acid sphingomyelinase deficiency,ORPHA:355,ORPHA:618891,Acid beta-glucosidase deficiency|GD|Gaucher disease|Gaucher disease - ophthalmoplegia - cardiovascular calcification|Gaucher disease caused by mutation in PSAP|Gaucher disease collodion type,Chronic neurovisceral ASMD|NPD-A/B|Niemann-Pick disease type A/B|type B Niemann-Pick disease,D_shared_treatment_diff_systems,0.17,1,1,rare,rare,7
ORPHA:1656|ORPHA:548,Dermatitis herpetiformis,Leprosy,ORPHA:1656,ORPHA:548,"DH|Duhring's disease|Duhring-Brocq disease|Durhing-Brocq disease|dermatitis herpetiformis|dermatitis herpetiformis, familial","Disease, Hansen|Disease, Hansen's|HANSEN DIS|HANSENS DIS|Hansen disease|Hansen's disease",D_shared_treatment_diff_systems,0.00,0,1,rare,rare,2
ORPHA:1679|ORPHA:2912,Diphtheria,Poliomyelitis,ORPHA:1679,ORPHA:2912,corynebacterium infection,Polia|acute poliomyelitis|infantile paralysis|polio|poliomyelitis,D_shared_treatment_diff_systems,0.00,0,5,rare,rare,540
ORPHA:2583|ORPHA:324625,Mycetoma,Chikungunya,ORPHA:2583,ORPHA:324625,Madura foot,CHIK|CHIKV infection|CK|Chikungunya fever|Chikungunya virus caused disease or disorder|Chikungunya virus disease or disorder,E_same_class_unrelated_biology,0.00,0,0,rare,rare,2
ORPHA:1164|ORPHA:244,Allergic bronchopulmonary aspergillosis,Primary ciliary dyskinesia,ORPHA:1164,ORPHA:244,"ABPA|Allergic aspergillosis|Aspergillosis, Allergic Bronchopulmonary|Hinson-Pepys disease|allergic aspergillosis|allergic bronchopulmonary mycosis",CILD21|CILD25|CILD46|CILD48|CILD5|DNAAF4 primary ciliary dyskinesia,E_same_class_unrelated_biology,0.04,0,0,rare,rare,18
ORPHA:243367|ORPHA:890,Acute fatty liver of pregnancy,Hepatic veno-occlusive disease,ORPHA:243367,ORPHA:890,"AFLP|acute fatty liver, gestational",Budd Chiari Syndrome|Sinusoidal obstruction syndrome|hepatic Vod|liver veno-occlusive disease|sinusoidal obstruction syndrome,E_same_class_unrelated_biology,0.00,0,0,rare,rare,9
ORPHA:70588|ORPHA:99981,Meconium aspiration syndrome,Apnea of prematurity,ORPHA:70588,ORPHA:99981,"MAS|Neonatal aspiration of meconium (disorder)|aspiration syndrome, meconium|aspiration, meconium|meconium aspiration|meconium aspiration syndrome",,E_same_class_unrelated_biology,0.04,0,0,rare,rare,5
ORPHA:18|ORPHA:2197,Distal renal tubular acidosis,Idiopathic hypercalciuria,ORPHA:18,ORPHA:2197,"AD dRTA|Classic RTA|DRTA1|Familial distal primary acidosis|Primary Distal Renal Tubular Acidosis|RTA, classic type",idiopathic inherited hypercalciuria,E_same_class_unrelated_biology,0.02,0,0,rare,rare,6
ORPHA:2197|ORPHA:358,Idiopathic hypercalciuria,Gitelman syndrome,ORPHA:2197,ORPHA:358,idiopathic inherited hypercalciuria,"GTLMNS|Gitelman syndrome|Gitelman's syndrome|familial hypokalemia-hypomagnesemia|hypomagnesemia-hypokalemia, primary renotubular, with hypocalciuria|primary renal tubular hypokalemic hypomagnesemia with hypocalciuria",E_same_class_unrelated_biology,0.00,0,0,rare,rare,1
ORPHA:313|ORPHA:79414,Lamellar ichthyosis,Woolly hair nevus,ORPHA:313,ORPHA:79414,ARCI4A|ICR2B|LI|autosomal recessive congenital ichthyosis type 4A|classic lamellar ichthyosis|congenital lamellar ichthyosis,Epidermal Nevus|Mole NOS|Mole of skin|Wooly hair nevus|cutaneous nevi|cutaneous nevus,E_same_class_unrelated_biology,0.00,0,0,rare,rare,1
ORPHA:37202|ORPHA:84085,Interstitial cystitis,Hinman syndrome,ORPHA:37202,ORPHA:84085,"Bladder pain syndrome|Cystitis, Interstitial|IC/BPS|IC/PBS|Interstitial cystitis|Interstitial cystitis/bladder pain syndrome",HAS|HS|Hinman-Allen syndrome|Non-neurogenic neurogenic bladder|Occult neuropathic bladder|non-neurogenic neurogenic bladder,E_same_class_unrelated_biology,0.03,0,0,rare,rare,1
ORPHA:634|ORPHA:79457,Netherton syndrome,Maculopapular cutaneous mastocytosis,ORPHA:634,ORPHA:79457,"Bamboo hair syndrome|Comèl-Netherton syndrome|Ichthyosis, Netherton Syndrome|NS|Netherton syndrome|bamboo hair syndrome",CM|Paucicellular mastocytosis|UP/MPCM|Urticaria pigmentosa|cutaneous (skin) mastocytosis|cutaneous mastocytosis,E_same_class_unrelated_biology,0.04,0,0,rare,rare,1
ORPHA:69745|ORPHA:703,Warty dyskeratoma,Bullous pemphigoid,ORPHA:69745,ORPHA:703,Follicular dyskeratoma|follicular dyskeratoma|isolated follicular keratosis,"Bullous pemphigoid (disorder)|Old Age pemphigus|Parapemphigus|Pemphigoid, Bullous|benign pemphigus|bullous pemphigoid",E_same_class_unrelated_biology,0.00,0,0,rare,rare,1
ORPHA:480553|ORPHA:955,Aneurysmal bone cyst,Hajdu-Cheney syndrome,ORPHA:480553,ORPHA:955,"ABC|Bone Cysts, Aneurysmal|aneurysmal bone cyst|aneurysmal bone cyst (disease)|aneurysmal bone cysts|aneurysmal cyst of bone",Acroosteolysis dominant type|Acroosteolysis with osteoporosis and changes in skull and mandible|Arthrodentoosteodysplasia|Cheney syndrome|HJCYS|Hajdu Cheney Syndrome,E_same_class_unrelated_biology,0.00,0,0,rare,rare,1
ORPHA:2953|ORPHA:81,Musculocontractural Ehlers-Danlos syndrome,Antisynthetase syndrome,ORPHA:2953,ORPHA:81,"ATCS|Adducted thumb - clubfoot syndrome|Adducted thumb-clubfoot syndrome|Adducted thumbs - arthrogryposis, Dundar type|CHST14-related EDS|CHST14-related Ehlers-Danlos syndrome",AS syndrome|ASS|ASyS|Anti-ARS syndrome|Anti-Jo1 syndrome|Anti-Synthetase Syndrome,E_same_class_unrelated_biology,0.03,0,0,rare,rare,44
ORPHA:108|ORPHA:217260,Babesiosis,Progressive multifocal leukoencephalopathy,ORPHA:108,ORPHA:217260,Babesia caused disease or disorder|Babesia disease or disorder|Babesia infectious disease|Babesia parasite infection|Human babesiosis|babesiasis,"Leukoencephalopathy, Progressive Multifocal|PML|Progressive multifocal leukoencephalitis|leukoencephalopathy, progressive multifocal|progressive multifocal leukoencephalitis",E_same_class_unrelated_biology,0.02,0,0,rare,rare,1
ORPHA:358|ORPHA:416,Gitelman syndrome,Primary hyperoxaluria,ORPHA:358,ORPHA:416,"GTLMNS|Gitelman syndrome|Gitelman's syndrome|familial hypokalemia-hypomagnesemia|hypomagnesemia-hypokalemia, primary renotubular, with hypocalciuria|primary renal tubular hypokalemic hypomagnesemia with hypocalciuria",AGXT primary hyperoxaluria|D-glycerate dehydrogenase deficiency|GRHPR primary hyperoxaluria|HOGA1 primary hyperoxaluria|L-glyceric aciduria|PH1,E_same_class_unrelated_biology,0.02,0,0,rare,rare,1
ORPHA:60|ORPHA:99931,Alpha-1-antitrypsin deficiency,Idiopathic pulmonary hemosiderosis,ORPHA:60,ORPHA:99931,A-1ATD|A1AD|A1AT deficiency|A1ATD|AAT deficiency|AATD,Idiopathic Pulmonary Hemosiderosis|alveolar hypoventilation syndrome|idiopathic pulmonary hemosiderosis|pulmonary hemosiderosis|pulmonary siderosis,E_same_class_unrelated_biology,0.05,0,0,rare,rare,1
ORPHA:1653|ORPHA:412206,Dentin dysplasia,Primary failure of tooth eruption,ORPHA:1653,ORPHA:412206,"DD|DD-II|DTDP2|dentin dysplasia type 1 with microdontia and shape anomalies|dentin dysplasia, type IA","PFE|Primary retention of teeth|failure of tooth eruption, primary|primary retention of teeth",E_same_class_unrelated_biology,0.05,0,0,rare,rare,1
ORPHA:596753|ORPHA:889,VEXAS syndrome,Cutaneous small vessel vasculitis,ORPHA:596753,ORPHA:889,"VEXAS|VEXAS syndrome, somatic|vacuoles, E1 enzyme, X-linked, autoinflammatory, somatic syndrome",Cutaneous hypersensitivity vasculitis|cutaneous hypersensitivity vasculitis|cutaneous leukocytoclastic vasculitis|cutaneous small vessel vasculitis|cutaneous small-vessel vasculitis|hypersensitivity angiitis,E_same_class_unrelated_biology,0.03,0,0,rare,rare,2
ORPHA:182|ORPHA:31202,Chromomycosis,Melioidosis,ORPHA:182,ORPHA:31202,Chromoblastomycoses|Chromoblastomycosis|Chromomycoses|Chromomycosis|Mossy foot disease (disorder)|chromoblastomycosis,B pseudomallei infection|Burkholderia pseudomallei caused disease or disorder|Burkholderia pseudomallei disease or disorder|Burkholderia pseudomallei infection|Burkholderia pseudomallei infectious disease|Whitmore disease,E_same_class_unrelated_biology,0.00,0,0,rare,rare,2
ORPHA:280133|ORPHA:2968,Complement component 3 deficiency,Leukocyte adhesion deficiency,ORPHA:280133,ORPHA:2968,"C3 classic complement early component deficiency|C3 deficiency|C3d|classic complement early component deficiency caused by mutation in C3|complement component 3 deficiency, autosomal recessive",CDG IIc|CDG syndrome type IIc|CDG-IIc|CDG2C|CDGIIc|FERMT3 leukocyte adhesion deficiency,E_same_class_unrelated_biology,0.03,0,0,rare,rare,1
ORPHA:1560|ORPHA:400,Cysticercosis,Cystic echinococcosis,ORPHA:1560,ORPHA:400,Pork tapeworm infection|intestinal taenia solium infection|neurocysticercosis|tapeworm infection: [intestinal taenia solium] or [pork]|tapeworm infection: intestinal taenia solum|tapeworm infection: pork,Hydatid cyst|Hydatid disease|Hydatidosis|hydatid disease,E_same_class_unrelated_biology,0.03,0,0,rare,rare,211
ORPHA:289601|ORPHA:51608,Hereditary arterial and articular multiple calcification syndrome,Generalized arterial calcification of infancy,ORPHA:289601,ORPHA:51608,ACDC|CALJA|Calcification of joints and arteries|arterial calcification and distal joint calcification|arterial calcification due to CD73 deficiency|calcification of joints and arteries,ABCC6 arterial calcification of infancy|ENPP1 arterial calcification of infancy|Generalized Arterial Calcification of Infancy|IIAC|Idiopathic infantile arterial calcification|Idiopathic obliterative arteriopathy,E_same_class_unrelated_biology,0.04,0,0,rare,rare,11
ORPHA:108|ORPHA:1560,Babesiosis,Cysticercosis,ORPHA:108,ORPHA:1560,Babesia caused disease or disorder|Babesia disease or disorder|Babesia infectious disease|Babesia parasite infection|Human babesiosis|babesiasis,Pork tapeworm infection|intestinal taenia solium infection|neurocysticercosis|tapeworm infection: [intestinal taenia solium] or [pork]|tapeworm infection: intestinal taenia solum|tapeworm infection: pork,E_same_class_unrelated_biology,0.01,0,0,rare,rare,4
ORPHA:91348|ORPHA:99880,Functioning gonadotropic adenoma,Hyperparathyroidism-jaw tumor syndrome,ORPHA:91348,ORPHA:99880,Functioning pituitary gonadotropic adenoma|Gonadotroph adenoma|functioning pituitary gonadotropic adenoma|gonadotroph adenoma,HPT-JT|HRPT2|familial primary hyperparathyroidism with multiple ossifying jaw fibromas|hereditary hyperparathyroidism-jaw tumor syndrome|hereditary hyperparathyroidism-jaw tumour syndrome|hyperparathyroidism 2,E_same_class_unrelated_biology,0.04,0,0,rare,rare,1
ORPHA:2024|ORPHA:49042,Hereditary gingival fibromatosis,Dentinogenesis imperfecta,ORPHA:2024,ORPHA:49042,Autosomal dominant gingival fibromatosis|Autosomal dominant gingival hyperplasia|Hereditary gingival hyperplasia|autosomal dominant gingival fibromatosis|autosomal dominant gingival hyperplasia|hereditary gingival fibromatosis,DGI|DGI without OI|DI|Dentinogenesis imperfecta without osteogenesis imperfecta|Non-syndromic DGI|Non-syndromic dentinogenesis imperfecta,E_same_class_unrelated_biology,0.00,0,0,rare,rare,1
ORPHA:412206|ORPHA:88661,Primary failure of tooth eruption,Amelogenesis imperfecta,ORPHA:412206,ORPHA:88661,"PFE|Primary retention of teeth|failure of tooth eruption, primary|primary retention of teeth",ADHCAI|AI1A|AI1K|AI2A4|AI3|AI4,E_same_class_unrelated_biology,0.04,0,0,rare,rare,1
ORPHA:1164|ORPHA:2902,Allergic bronchopulmonary aspergillosis,Idiopathic chronic eosinophilic pneumonia,ORPHA:1164,ORPHA:2902,"ABPA|Allergic aspergillosis|Aspergillosis, Allergic Bronchopulmonary|Hinson-Pepys disease|allergic aspergillosis|allergic bronchopulmonary mycosis",Carrington syndrome|Carrington's disease|Carrington's pulmonary eosinophilia|Chronic Eosinophilic Pneumonia|Chronic eosinophilic pneumonia|chronic eosinophilic pneumonia,E_same_class_unrelated_biology,0.05,0,0,rare,rare,2
ORPHA:2122|ORPHA:464318,Kaposiform hemangioendothelioma,Verrucous venous malformation,ORPHA:2122,ORPHA:464318,KH|KHE|Kaposiform hemangio-endothelioma|Kaposiform hemangioendothelioma|congenital cutaneous multifocal kaposiform hemangioendothelioma,Verrucous haemangioma|Verrucous hemangioma|verrucous keratotic hemangioma|verrucous keratotic hemangioma (morphologic abnormality),E_same_class_unrelated_biology,0.00,0,0,rare,rare,2
ORPHA:54260|ORPHA:563,Left ventricular noncompaction,Peripartum cardiomyopathy,ORPHA:54260,ORPHA:563,LVNC|Left ventricular hypertrabeculation|Left ventricular noncompaction (disorder)|Lv non-compaction syndrome|MYBPC3 left ventricular noncompaction|Spongy myocardium,Meadows' syndrome|Postpartum cardiomyopathy|Postpartum cardiomyopathy (disorder)|Puerperal cardiomyopathy|antepartum peripartum cardiomyopathy|peripartum cardiomyopathy,E_same_class_unrelated_biology,0.02,0,0,rare,rare,7
