pair_id,queries_planned,queries_complete,capped_queries,distinct_discovered_papers,candidate_full_text_passages,stopping_status
ORPHA:487|ORPHA:778,9,9,9,30,0,pilot_only; independent_screening_and_saturation_not_complete
ORPHA:124|ORPHA:699,9,9,9,28,0,pilot_only; independent_screening_and_saturation_not_complete
ORPHA:31150|ORPHA:425,9,9,9,29,4,pilot_only; independent_screening_and_saturation_not_complete
ORPHA:308|ORPHA:501,9,9,9,36,1,pilot_only; independent_screening_and_saturation_not_complete
ORPHA:797|ORPHA:90291,9,9,9,58,0,pilot_only; independent_screening_and_saturation_not_complete
ORPHA:2032|ORPHA:90291,9,9,9,51,0,pilot_only; independent_screening_and_saturation_not_complete
ORPHA:48104|ORPHA:69126,9,9,9,39,4,pilot_only; independent_screening_and_saturation_not_complete
ORPHA:436|ORPHA:666,9,9,9,37,2,pilot_only; independent_screening_and_saturation_not_complete
ORPHA:565|ORPHA:905,9,9,9,40,0,pilot_only; independent_screening_and_saturation_not_complete
ORPHA:652|ORPHA:653,9,9,9,35,5,pilot_only; independent_screening_and_saturation_not_complete
ORPHA:767|ORPHA:91138,9,9,9,28,0,pilot_only; independent_screening_and_saturation_not_complete
ORPHA:805|ORPHA:892,9,9,9,38,6,pilot_only; independent_screening_and_saturation_not_complete
ORPHA:436|ORPHA:89936,9,9,9,44,1,pilot_only; independent_screening_and_saturation_not_complete
ORPHA:355|ORPHA:646,9,9,9,39,1,pilot_only; independent_screening_and_saturation_not_complete
ORPHA:313|ORPHA:457,9,9,9,41,3,pilot_only; independent_screening_and_saturation_not_complete
ORPHA:281|ORPHA:819,9,9,9,44,1,pilot_only; independent_screening_and_saturation_not_complete
ORPHA:72|ORPHA:819,9,9,9,41,13,pilot_only; independent_screening_and_saturation_not_complete
ORPHA:399|ORPHA:98934,9,9,9,39,10,pilot_only; independent_screening_and_saturation_not_complete
ORPHA:116|ORPHA:373,9,9,9,30,3,pilot_only; independent_screening_and_saturation_not_complete
ORPHA:34145|ORPHA:761,9,9,9,32,0,pilot_only; independent_screening_and_saturation_not_complete
ORPHA:589|ORPHA:83467,9,9,9,32,0,pilot_only; independent_screening_and_saturation_not_complete
ORPHA:561854|ORPHA:778,9,9,9,41,14,pilot_only; independent_screening_and_saturation_not_complete
ORPHA:2322|ORPHA:319182,9,9,9,45,3,pilot_only; independent_screening_and_saturation_not_complete
ORPHA:50918|ORPHA:536,9,9,9,33,0,pilot_only; independent_screening_and_saturation_not_complete
ORPHA:199|ORPHA:908,9,9,9,41,15,pilot_only; independent_screening_and_saturation_not_complete
ORPHA:2896|ORPHA:72,9,9,9,32,3,pilot_only; independent_screening_and_saturation_not_complete
ORPHA:100|ORPHA:125,9,9,9,42,0,pilot_only; independent_screening_and_saturation_not_complete
ORPHA:130|ORPHA:273,9,9,9,43,1,pilot_only; independent_screening_and_saturation_not_complete
ORPHA:803|ORPHA:83467,9,9,9,30,0,pilot_only; independent_screening_and_saturation_not_complete
ORPHA:2905|ORPHA:2932,9,9,9,35,0,pilot_only; independent_screening_and_saturation_not_complete
