dimension,evaluation,model,examples,weight_sum,effective_sample_size,mean_absolute_error,root_mean_squared_error,r2,pearson_correlation,spearman_correlation
phenotype,full_test,mean_baseline,41,32.86,30.502593249641237,0.10428071456485967,0.12305062108842295,-0.0034240323657837024,,-2.6631141395374076e-16
phenotype,full_test,current_ridge,41,32.86,30.502593249641237,0.1022932706045655,0.12120436795055389,0.026460851172467215,0.16877632177595503,0.19989382665117067
phenotype,full_test,aligned_semantic_ridge,41,32.86,30.502593249641237,0.10910140647185533,0.12714010385790406,-0.07122821208130303,0.0264051969257739,0.03893035963272636
phenotype,paper_blocked_test,mean_baseline,35,28.06,25.33377520946215,0.11033086376417035,0.12824827042813805,-0.0035182299541924866,,
phenotype,paper_blocked_test,current_ridge,35,28.06,25.33377520946215,0.11074414720083965,0.12717974605999247,0.013134107162590558,0.13600890691404952,0.19551660277112953
phenotype,paper_blocked_test,aligned_semantic_ridge,35,28.06,25.33377520946215,0.12009604263920846,0.13407206075284384,-0.09672767346245781,-0.039603181308462826,-0.011084157591636662
genetic,full_test,mean_baseline,17,12.4,14.397003745318354,0.16307521960581672,0.2086003867504424,-0.012586418124416854,,
genetic,full_test,current_ridge,17,12.4,14.397003745318354,0.15955861348170375,0.20774304387633025,-0.004280108069545818,0.12389043641056605,0.23842052694165486
genetic,full_test,aligned_semantic_ridge,17,12.4,14.397003745318354,0.198387816979884,0.2262364215154727,-0.19104158423484052,0.03347426675794477,-0.030502359645119687
genetic,paper_blocked_test,mean_baseline,13,9.2,10.633165829145726,0.18212118197194307,0.22283515083155478,-0.000224839740356364,,4.4397053729786504e-16
genetic,paper_blocked_test,current_ridge,13,9.2,10.633165829145726,0.1777485836446367,0.22182663062022467,0.00880842310277874,0.09796292247808955,0.09754878528708909
genetic,paper_blocked_test,aligned_semantic_ridge,13,9.2,10.633165829145726,0.2109260058844978,0.23455301986960675,-0.1081850708970249,0.02234559528264851,-0.09000809308573558
mechanism,full_test,mean_baseline,19,20.299999999999997,11.482028420172751,0.14493414285999195,0.1774897285790385,-0.07848636013041377,7.999968992988536e-17,2.2246157659954543e-16
mechanism,full_test,current_ridge,19,20.299999999999997,11.482028420172751,0.14418709279039485,0.1766254282381629,-0.06800838396074371,0.2532209402508303,0.07816996666648512
mechanism,full_test,aligned_semantic_ridge,19,20.299999999999997,11.482028420172751,0.14454722650897164,0.17611454836348528,-0.061839001666625926,0.40115820495103816,0.4363973673965023
mechanism,paper_blocked_test,mean_baseline,17,18.9,10.285344082925423,0.1486983637359577,0.17930941512600385,-0.07220258845502747,3.222607122529805e-16,-2.5030768112946525e-16
mechanism,paper_blocked_test,current_ridge,17,18.9,10.285344082925423,0.14795238849230596,0.17858347735209956,-0.0635384949148392,0.2200114007585297,0.019966676514314587
mechanism,paper_blocked_test,aligned_semantic_ridge,17,18.9,10.285344082925423,0.14865741381876071,0.1777590644832726,-0.05374172069352401,0.4323775270444762,0.5156778192572615
diagnostic_confusability,full_test,mean_baseline,23,17.650000000000002,18.66242324397185,0.1932503490383016,0.21757038724762737,-0.19966622215262797,3.918692254235996e-16,1.069135318829652e-16
diagnostic_confusability,full_test,current_ridge,23,17.650000000000002,18.66242324397185,0.19191511492809513,0.21472841856315816,-0.16853012415170587,0.4786448190557278,0.5716495470813401
diagnostic_confusability,full_test,aligned_semantic_ridge,23,17.650000000000002,18.66242324397185,0.19148373641112015,0.21594558166646893,-0.18181502430212948,0.4366346793109747,0.4547205946564336
diagnostic_confusability,paper_blocked_test,mean_baseline,22,17.05,17.799020358181544,0.1906733575222984,0.21564727728518165,-0.2828712257633499,-6.540859842925917e-16,-2.241357782536108e-16
diagnostic_confusability,paper_blocked_test,current_ridge,22,17.05,17.799020358181544,0.1893884235757328,0.21279923781109375,-0.24920939556998833,0.45975253448347947,0.5524230991363673
diagnostic_confusability,paper_blocked_test,aligned_semantic_ridge,22,17.05,17.799020358181544,0.1887087797503852,0.21377951998079806,-0.26074513491373374,0.5334995313318456,0.5455746658932537
